filter,key,project,issuetype,status,customfield_58100,customfield_60501
preALP,2021-01-01,XOC-7576,XO.Clients,Customer Defect,Release pending,1.0,XOC-6317
preALP,2021-01-01,XOC-7446,XO.Clients,Customer Defect,Release pending,2.0,"XOC-6317,XOC-7491"
preALP,2021-01-01,XOC-7394,XO.Clients,Defect,Release pending,1.0,XOC-7541
preALP,2021-01-01,XOC-7291,XO.Clients,Defect,Release pending,1.0,XOC-6317
preALP,2021-01-01,XINET-19218,Northplains-Xinet-Portal,Defect,Release pending,0.0,
preALP,2021-01-01,XINET-19034,Northplains-Xinet-Portal,Defect,Release pending,0.0,
preALP,2021-01-01,XINET-18833,Northplains-Xinet-Portal,Defect,Release pending,0.0,
preALP,2021-01-01,XINET-18831,Northplains-Xinet-Portal,Defect,Release pending,1.0,XINET-18980
preALP,2021-01-01,XINET-18829,Northplains-Xinet-Portal,Defect,Release pending,2.0,"XINET-14514,XINET-14515"
preALP,2021-01-01,XINET-18798,Northplains-Xinet-Portal,Customer Defect,Release pending,1.0,XINET-18840
preALP,2021-01-01,XINET-18455,Northplains-Xinet-Portal,Defect,Release pending,1.0,XINET-14503
preALP,2021-01-01,XINET-18374,Northplains-Xinet-Portal,Customer Defect,Release pending,0.0,
preALP,2021-01-01,XINET-18272,Northplains-Xinet-Portal,Customer Defect,Release pending,0.0,
preALP,2021-01-01,XINET-18254,Northplains-Xinet-Portal,Customer Defect,Release pending,1.0,XINET-16299
preALP,2021-01-01,XINET-18187,Northplains-Xinet-Portal,Customer Defect,Release pending,1.0,XINET-16299
preALP,2021-01-01,XINET-18169,Northplains-Xinet-Portal,Customer Defect,Release pending,0.0,
preALP,2021-01-01,XINET-18167,Northplains-Xinet-Portal,Customer Defect,Release pending,0.0,
preALP,2021-01-01,XINET-18117,Northplains-Xinet-Portal,Customer Defect,Release pending,1.0,XINET-14655
preALP,2021-01-01,XINET-17966,Northplains-Xinet-Portal,Customer Defect,Release pending,3.0,"XINET-13008,XINET-13010,XINET-17535"
preALP,2021-01-01,XINET-17952,Northplains-Xinet-Portal,Customer Defect,Release pending,0.0,
preALP,2021-01-01,XINET-17926,Northplains-Xinet-Portal,Customer Defect,Release pending,2.0,"XINET-14503,XINET-18156"
preALP,2021-01-01,XINET-17862,Northplains-Xinet-Portal,Defect,Release pending,0.0,
preALP,2021-01-01,XINET-17489,Northplains-Xinet-Portal,Customer Defect,Release pending,0.0,
preALP,2021-01-01,XINET-17354,Northplains-Xinet-Portal,Customer Defect,Release pending,1.0,XINET-16299
preALP,2021-01-01,XINET-17254,Northplains-Xinet-Portal,Defect,Release pending,1.0,XINET-16299
preALP,2021-01-01,XINET-16074,Northplains-Xinet-Portal,Customer Defect,Release pending,0.0,
preALP,2021-01-01,XINET-15162,Northplains-Xinet-Portal,Defect,Release pending,0.0,
preALP,2021-01-01,XINET-15151,Northplains-Xinet-Portal,Defect,Release pending,0.0,
preALP,2021-01-01,XINET-13902,Northplains-Xinet-Portal,Customer Defect,Release pending,1.0,XINET-16299
preALP,2021-01-01,STREETSMART-1373,T3 StreetSmart,Customer Defect,Reviewed,2.0,"STREETSMART-2258,STREETSMART-4704"
preALP,2021-01-01,STREETSMART-1371,T3 StreetSmart,Customer Defect,Release pending,2.0,"STREETSMART-2233,STREETSMART-4704"
preALP,2021-01-01,SPC-34107,Symphony Commerce,Customer Defect,Release pending,0.0,
preALP,2021-01-01,SPC-33484,Symphony Commerce,Customer Defect,Release pending,0.0,
preALP,2021-01-01,SONIC-27629,Aurea Messenger,Customer Defect,In Code Review,,
preALP,2021-01-01,SOCOCO-10171,Sococo Rocketshorts,Defect,Release pending,4.0,"SOCOCO-5281,SOCOCO-5359,SOCOCO-5629,SOCOCO-5689"
preALP,2021-01-01,SOCOCO-9365,Sococo Rocketshorts,Customer Defect,Release pending,3.0,"SOCOCO-5281,SOCOCO-5315,SOCOCO-6133"
preALP,2021-01-01,SOCOCO-8713,Sococo Rocketshorts,Customer Defect,In Code Review,,The issue has no Functional Area affected
preALP,2021-01-01,SOCOCO-1392,Sococo Rocketshorts,Defect,Release pending,0.0,
preALP,2021-01-01,SLISEARCH-3104,Sli-Systems Search and Indexing,Customer Defect,Reviewed,2.0,"SLISEARCH-1950,SLISEARCH-5355"
preALP,2021-01-01,SLISEARCH-2986,Sli-Systems Search and Indexing,Customer Defect,Release pending,2.0,"SLISEARCH-1950,SLISEARCH-4620"
preALP,2021-01-01,SLIFRONT-4368,Sli-Systems Front End,Customer Defect,Release pending,5.0,"SLIFRONT-916,SLIFRONT-917,SLIFRONT-940,SLIFRONT-946,SLIFRONT-947"
preALP,2021-01-01,SLIFRONT-398,Sli-Systems Front End,Defect,Reviewed,6.0,"SLIFRONT-4879,SLIFRONT-916,SLIFRONT-917,SLIFRONT-940,SLIFRONT-946,SLIFRONT-947"
preALP,2021-01-01,SLIFRONT-376,Sli-Systems Front End,Defect,Release pending,5.0,"SLIFRONT-916,SLIFRONT-917,SLIFRONT-940,SLIFRONT-946,SLIFRONT-947"
preALP,2021-01-01,SLIFRONT-349,Sli-Systems Front End,Defect,Release pending,5.0,"SLIFRONT-916,SLIFRONT-917,SLIFRONT-940,SLIFRONT-946,SLIFRONT-947"
preALP,2021-01-01,SLIFRONT-220,Sli-Systems Front End,Defect,Reviewed,6.0,"SLIFRONT-4880,SLIFRONT-916,SLIFRONT-917,SLIFRONT-940,SLIFRONT-946,SLIFRONT-947"
preALP,2021-01-01,SLIAO-11110,Sli-Systems Analytics and Operations,Defect,Release pending,6.0,"SLIAO-1060,SLIAO-1075,SLIAO-1248,SLIAO-1249,SLIAO-1319,SLIAO-2114"
preALP,2021-01-01,SLIAO-6052,Sli-Systems Analytics and Operations,Defect,Release pending,6.0,"SLIAO-1060,SLIAO-1075,SLIAO-1248,SLIAO-1249,SLIAO-1319,SLIAO-2114"
preALP,2021-01-01,SLIAO-4513,Sli-Systems Analytics and Operations,Defect,Release pending,8.0,"SLIAO-1060,SLIAO-1086,SLIAO-1163,SLIAO-1185,SLIAO-1247,SLIAO-2120,SLIAO-5798,SLIAO-6071"
preALP,2021-01-01,SLIAO-4390,Sli-Systems Analytics and Operations,Defect,Release pending,8.0,"SLIAO-1060,SLIAO-1086,SLIAO-1163,SLIAO-1185,SLIAO-1247,SLIAO-2120,SLIAO-5798,SLIAO-6071"
preALP,2021-01-01,SLIAO-3136,Sli-Systems Analytics and Operations,Defect,Release pending,5.0,"SLIAO-1208,SLIAO-1209,SLIAO-1210,SLIAO-1211,SLIAO-1804"
preALP,2021-01-01,SLIAO-2986,Sli-Systems Analytics and Operations,Defect,Release pending,6.0,"SLIAO-1060,SLIAO-1075,SLIAO-1248,SLIAO-1249,SLIAO-1319,SLIAO-2114"
preALP,2021-01-01,SLIAO-2985,Sli-Systems Analytics and Operations,Defect,Release pending,6.0,"SLIAO-1060,SLIAO-1075,SLIAO-1248,SLIAO-1249,SLIAO-1319,SLIAO-2114"
preALP,2021-01-01,SLIAO-2984,Sli-Systems Analytics and Operations,Defect,Release pending,6.0,"SLIAO-1060,SLIAO-1075,SLIAO-1248,SLIAO-1249,SLIAO-1319,SLIAO-2114"
preALP,2021-01-01,SLIAO-2983,Sli-Systems Analytics and Operations,Defect,Release pending,6.0,"SLIAO-1060,SLIAO-1075,SLIAO-1248,SLIAO-1249,SLIAO-1319,SLIAO-2114"
preALP,2021-01-01,SLIAO-2982,Sli-Systems Analytics and Operations,Defect,Release pending,6.0,"SLIAO-1060,SLIAO-1075,SLIAO-1248,SLIAO-1249,SLIAO-1319,SLIAO-2114"
preALP,2021-01-01,SLIAO-2981,Sli-Systems Analytics and Operations,Defect,Release pending,6.0,"SLIAO-1060,SLIAO-1075,SLIAO-1248,SLIAO-1249,SLIAO-1319,SLIAO-2114"
preALP,2021-01-01,SLIAO-2980,Sli-Systems Analytics and Operations,Defect,Release pending,8.0,"SLIAO-1060,SLIAO-1086,SLIAO-1163,SLIAO-1185,SLIAO-1247,SLIAO-2120,SLIAO-5798,SLIAO-6071"
preALP,2021-01-01,SLIAO-2976,Sli-Systems Analytics and Operations,Defect,Release pending,8.0,"SLIAO-1060,SLIAO-1086,SLIAO-1163,SLIAO-1185,SLIAO-1247,SLIAO-2120,SLIAO-5798,SLIAO-6071"
preALP,2021-01-01,SLIAO-2975,Sli-Systems Analytics and Operations,Defect,Release pending,8.0,"SLIAO-1060,SLIAO-1086,SLIAO-1163,SLIAO-1185,SLIAO-1247,SLIAO-2120,SLIAO-5798,SLIAO-6071"
preALP,2021-01-01,SLIAO-613,Sli-Systems Analytics and Operations,Defect,Release pending,6.0,"SLIAO-1060,SLIAO-1075,SLIAO-1248,SLIAO-1249,SLIAO-1319,SLIAO-2114"
preALP,2021-01-01,SLIAO-543,Sli-Systems Analytics and Operations,Defect,Release pending,8.0,"SLIAO-1060,SLIAO-1086,SLIAO-1163,SLIAO-1185,SLIAO-1247,SLIAO-2120,SLIAO-5798,SLIAO-6071"
preALP,2021-01-01,SLIAO-534,Sli-Systems Analytics and Operations,Defect,Release pending,6.0,"SLIAO-1060,SLIAO-1075,SLIAO-1248,SLIAO-1249,SLIAO-1319,SLIAO-2114"
preALP,2021-01-01,SCLOOPW-18966,SchoolLoop Web,Defect,In Code Review,,
preALP,2021-01-01,SCLOOPW-18959,SchoolLoop Web,Defect,In Code Review,,
preALP,2021-01-01,SCLOOPW-18627,SchoolLoop Web,Customer Defect,In Code Review,,
preALP,2021-01-01,SCLOOPW-18432,SchoolLoop Web,Customer Defect,In Code Review,,
preALP,2021-01-01,SCLOOPW-17497,SchoolLoop Web,Defect,Release pending,14.0,"SCLOOPW-1349,SCLOOPW-1485,SCLOOPW-1502,SCLOOPW-1613,SCLOOPW-1614,SCLOOPW-1633,SCLOOPW-1635,SCLOOPW-1638,SCLOOPW-1843,SCLOOPW-1853,SCLOOPW-18932,SCLOOPW-18934,SCLOOPW-1895,SCLOOPW-1897"
preALP,2021-01-01,SCLOOPW-17300,SchoolLoop Web,Customer Defect,Release pending,15.0,"SCLOOPW-1349,SCLOOPW-1485,SCLOOPW-1502,SCLOOPW-1613,SCLOOPW-1614,SCLOOPW-1633,SCLOOPW-1635,SCLOOPW-1638,SCLOOPW-17436,SCLOOPW-1843,SCLOOPW-1853,SCLOOPW-18932,SCLOOPW-18934,SCLOOPW-1895,SCLOOPW-1897"
preALP,2021-01-01,SCLOOPW-16597,SchoolLoop Web,Customer Defect,Release pending,4.0,"SCLOOPW-1282,SCLOOPW-12971,SCLOOPW-14351,SCLOOPW-1510"
preALP,2021-01-01,SCLOOPW-16593,SchoolLoop Web,Customer Defect,Release pending,15.0,"SCLOOPW-1349,SCLOOPW-1485,SCLOOPW-1502,SCLOOPW-1613,SCLOOPW-1614,SCLOOPW-1633,SCLOOPW-1635,SCLOOPW-1638,SCLOOPW-16770,SCLOOPW-1843,SCLOOPW-1853,SCLOOPW-18932,SCLOOPW-18934,SCLOOPW-1895,SCLOOPW-1897"
preALP,2021-01-01,SCLOOPW-16498,SchoolLoop Web,Customer Defect,Release pending,15.0,"SCLOOPW-1349,SCLOOPW-1485,SCLOOPW-1502,SCLOOPW-1613,SCLOOPW-1614,SCLOOPW-1633,SCLOOPW-1635,SCLOOPW-1638,SCLOOPW-16581,SCLOOPW-1843,SCLOOPW-1853,SCLOOPW-18932,SCLOOPW-18934,SCLOOPW-1895,SCLOOPW-1897"
preALP,2021-01-01,SCLOOPW-16196,SchoolLoop Web,Customer Defect,Release pending,14.0,"SCLOOPW-1349,SCLOOPW-1485,SCLOOPW-1502,SCLOOPW-1613,SCLOOPW-1614,SCLOOPW-1633,SCLOOPW-1635,SCLOOPW-1638,SCLOOPW-1843,SCLOOPW-1853,SCLOOPW-18932,SCLOOPW-18934,SCLOOPW-1895,SCLOOPW-1897"
preALP,2021-01-01,SCLOOPW-16065,SchoolLoop Web,Customer Defect,Release pending,1.0,SCLOOPW-11160
preALP,2021-01-01,SCLOOPW-16059,SchoolLoop Web,Customer Defect,Release pending,2.0,"SCLOOPW-1829,SCLOOPW-1850"
preALP,2021-01-01,SCLOOPW-16031,SchoolLoop Web,Customer Defect,Release pending,2.0,"SCLOOPW-11160,SCLOOPW-16080"
preALP,2021-01-01,SCLOOPW-15697,SchoolLoop Web,Customer Defect,Release pending,15.0,"SCLOOPW-1349,SCLOOPW-1485,SCLOOPW-1502,SCLOOPW-1613,SCLOOPW-1614,SCLOOPW-1633,SCLOOPW-1635,SCLOOPW-1638,SCLOOPW-16619,SCLOOPW-1843,SCLOOPW-1853,SCLOOPW-18932,SCLOOPW-18934,SCLOOPW-1895,SCLOOPW-1897"
preALP,2021-01-01,SCLOOPW-15688,SchoolLoop Web,Customer Defect,Release pending,1.0,SCLOOPW-11160
preALP,2021-01-01,SCLOOPW-15659,SchoolLoop Web,Customer Defect,Release pending,14.0,"SCLOOPW-1349,SCLOOPW-1485,SCLOOPW-1502,SCLOOPW-1613,SCLOOPW-1614,SCLOOPW-1633,SCLOOPW-1635,SCLOOPW-1638,SCLOOPW-1843,SCLOOPW-1853,SCLOOPW-18932,SCLOOPW-18934,SCLOOPW-1895,SCLOOPW-1897"
preALP,2021-01-01,SCLOOPW-15593,SchoolLoop Web,Customer Defect,Release pending,15.0,"SCLOOPW-1349,SCLOOPW-1485,SCLOOPW-1502,SCLOOPW-15972,SCLOOPW-1613,SCLOOPW-1614,SCLOOPW-1633,SCLOOPW-1635,SCLOOPW-1638,SCLOOPW-1843,SCLOOPW-1853,SCLOOPW-18932,SCLOOPW-18934,SCLOOPW-1895,SCLOOPW-1897"
preALP,2021-01-01,SCLOOPW-15435,SchoolLoop Web,Customer Defect,Release pending,6.0,"SCLOOPW-11139,SCLOOPW-12963,SCLOOPW-1549,SCLOOPW-1639,SCLOOPW-1740,SCLOOPW-789"
preALP,2021-01-01,SCLOOPW-15386,SchoolLoop Web,Customer Defect,Release pending,14.0,"SCLOOPW-1349,SCLOOPW-1485,SCLOOPW-1502,SCLOOPW-1613,SCLOOPW-1614,SCLOOPW-1633,SCLOOPW-1635,SCLOOPW-1638,SCLOOPW-1843,SCLOOPW-1853,SCLOOPW-18932,SCLOOPW-18934,SCLOOPW-1895,SCLOOPW-1897"
preALP,2021-01-01,SCLOOPW-15217,SchoolLoop Web,Customer Defect,Release pending,14.0,"SCLOOPW-1349,SCLOOPW-1485,SCLOOPW-1502,SCLOOPW-1613,SCLOOPW-1614,SCLOOPW-1633,SCLOOPW-1635,SCLOOPW-1638,SCLOOPW-1843,SCLOOPW-1853,SCLOOPW-18932,SCLOOPW-18934,SCLOOPW-1895,SCLOOPW-1897"
preALP,2021-01-01,SCLOOPW-14982,SchoolLoop Web,Customer Defect,Release pending,14.0,"SCLOOPW-1349,SCLOOPW-1485,SCLOOPW-1502,SCLOOPW-1613,SCLOOPW-1614,SCLOOPW-1633,SCLOOPW-1635,SCLOOPW-1638,SCLOOPW-1843,SCLOOPW-1853,SCLOOPW-18932,SCLOOPW-18934,SCLOOPW-1895,SCLOOPW-1897"
preALP,2021-01-01,SCLOOPW-14774,SchoolLoop Web,Customer Defect,Release pending,3.0,"SCLOOPW-1376,SCLOOPW-1379,SCLOOPW-1380"
preALP,2021-01-01,SCLOOPW-14726,SchoolLoop Web,Customer Defect,Release pending,0.0,
preALP,2021-01-01,SCLOOPW-14479,SchoolLoop Web,Customer Defect,Release pending,9.0,"SCLOOPW-11139,SCLOOPW-12963,SCLOOPW-1376,SCLOOPW-1379,SCLOOPW-1380,SCLOOPW-1549,SCLOOPW-1639,SCLOOPW-1740,SCLOOPW-789"
preALP,2021-01-01,SCLOOPW-14340,SchoolLoop Web,Defect,Release pending,6.0,"SCLOOPW-11139,SCLOOPW-12963,SCLOOPW-1549,SCLOOPW-1639,SCLOOPW-1740,SCLOOPW-789"
preALP,2021-01-01,SCLOOPW-13776,SchoolLoop Web,Defect,Release pending,6.0,"SCLOOPW-11139,SCLOOPW-12963,SCLOOPW-1549,SCLOOPW-1639,SCLOOPW-1740,SCLOOPW-789"
preALP,2021-01-01,SCLOOPW-12876,SchoolLoop Web,Customer Defect,Release pending,0.0,
preALP,2021-01-01,SCLOOPW-12825,SchoolLoop Web,Customer Defect,In Code Review,,The issue has no Functional Area affected
preALP,2021-01-01,SCLOOPW-4929,SchoolLoop Web,Customer Defect,Release pending,4.0,"SCLOOPW-1376,SCLOOPW-1379,SCLOOPW-1380,SCLOOPW-16060"
preALP,2021-01-01,SCLOOPW-604,SchoolLoop Web,Customer Defect,Release pending,14.0,"SCLOOPW-1349,SCLOOPW-1485,SCLOOPW-1502,SCLOOPW-1613,SCLOOPW-1614,SCLOOPW-1633,SCLOOPW-1635,SCLOOPW-1638,SCLOOPW-1843,SCLOOPW-1853,SCLOOPW-18932,SCLOOPW-18934,SCLOOPW-1895,SCLOOPW-1897"
preALP,2021-01-01,SCALEARC-19758,ScaleArc,Defect,Release pending,0.0,
preALP,2021-01-01,SCALEARC-19756,ScaleArc,Defect,In Code Review,,
preALP,2021-01-01,SCALEARC-14003,ScaleArc,Customer Defect,In Code Review,,
preALP,2021-01-01,SBM-70475,Aurea Process,Defect,Release pending,11.0,"SBM-66687,SBM-66688,SBM-66689,SBM-69728,SBM-69729,SBM-69730,SBM-69731,SBM-69916,SBM-70370,SBM-70394,SBM-70554"
preALP,2021-01-01,SBM-70473,Aurea Process,Defect,Release pending,2.0,"SBM-70432,SBM-70511"
preALP,2021-01-01,SBM-70439,Aurea Process,Defect,Release pending,1.0,SBM-70472
preALP,2021-01-01,SBM-70437,Aurea Process,Defect,Release pending,3.0,"SBM-57753,SBM-60827,SBM-70458"
preALP,2021-01-01,SBM-70359,Aurea Process,Defect,Release pending,10.0,"SBM-66687,SBM-66688,SBM-66689,SBM-69728,SBM-69729,SBM-69730,SBM-69731,SBM-69916,SBM-70370,SBM-70394"
preALP,2021-01-01,SBM-69885,Aurea Process,Defect,Release pending,1.0,SBM-60112
preALP,2021-01-01,SBM-69605,Aurea Process,Defect,Release pending,10.0,"SBM-66687,SBM-66688,SBM-66689,SBM-69728,SBM-69729,SBM-69730,SBM-69731,SBM-69916,SBM-70370,SBM-70394"
preALP,2021-01-01,SBM-69452,Aurea Process,Defect,Release pending,1.0,SBM-70233
preALP,2021-01-01,SARAT-8726,Saratoga,Defect,Release pending,0.0,
preALP,2021-01-01,RESPTK-37822,ResponseTek,Customer Defect,Release pending,0.0,
preALP,2021-01-01,RESPTK-35897,ResponseTek,Customer Defect,Release pending,2.0,"RESPTK-35342,RESPTK-36135"
preALP,2021-01-01,RESPTK-34488,ResponseTek,Defect,Release pending,0.0,
preALP,2021-01-01,RESPTK-34471,ResponseTek,Customer Defect,Release pending,2.0,"RESPTK-2029,RESPTK-34972"
preALP,2021-01-01,RESPTK-34400,ResponseTek,Defect,Release pending,10.0,"RESPTK-21347,RESPTK-21348,RESPTK-21351,RESPTK-24897,RESPTK-24899,RESPTK-30226,RESPTK-30548,RESPTK-31581,RESPTK-32209,RESPTK-33207"
preALP,2021-01-01,RESPTK-34387,ResponseTek,Customer Defect,Release pending,10.0,"RESPTK-21347,RESPTK-21348,RESPTK-21351,RESPTK-24897,RESPTK-24899,RESPTK-30226,RESPTK-30548,RESPTK-31581,RESPTK-32209,RESPTK-33207"
preALP,2021-01-01,RESPTK-34384,ResponseTek,Customer Defect,Release pending,10.0,"RESPTK-21347,RESPTK-21348,RESPTK-21351,RESPTK-24897,RESPTK-24899,RESPTK-30226,RESPTK-30548,RESPTK-31581,RESPTK-32209,RESPTK-33207"
preALP,2021-01-01,RESPTK-34060,ResponseTek,Defect,Release pending,0.0,
preALP,2021-01-01,RESPTK-33962,ResponseTek,Defect,Release pending,2.0,"RESPTK-25068,RESPTK-28408"
preALP,2021-01-01,RESPTK-33546,ResponseTek,Defect,Release pending,10.0,"RESPTK-21347,RESPTK-21348,RESPTK-21351,RESPTK-24897,RESPTK-24899,RESPTK-30226,RESPTK-30548,RESPTK-31581,RESPTK-32209,RESPTK-33207"
preALP,2021-01-01,RESPTK-29553,ResponseTek,Customer Defect,Release pending,0.0,
preALP,2021-01-01,RESPTK-20692,ResponseTek,Customer Defect,Release pending,0.0,
preALP,2021-01-01,QS-821,QuickSilver,Customer Defect,Release pending,0.0,
preALP,2021-01-01,QS-659,QuickSilver,Customer Defect,In Code Review,,
preALP,2021-01-01,QS-449,QuickSilver,Customer Defect,Release pending,0.0,
preALP,2021-01-01,PIVOTAL-30715,Pivotal,Defect,Release pending,20.0,"PIVOTAL-29235,PIVOTAL-30219,PIVOTAL-30220,PIVOTAL-30221,PIVOTAL-30222,PIVOTAL-30223,PIVOTAL-30224,PIVOTAL-30225,PIVOTAL-30226,PIVOTAL-30228,PIVOTAL-30229,PIVOTAL-30230,PIVOTAL-30231,PIVOTAL-30232,PIVOTAL-30233,PIVOTAL-30234,PIVOTAL-30236,PIVOTAL-30237,PIVOTAL-30721,PIVOTAL-30722"
preALP,2021-01-01,PIVOTAL-30524,Pivotal,Customer Defect,Release pending,20.0,"PIVOTAL-29235,PIVOTAL-30219,PIVOTAL-30220,PIVOTAL-30221,PIVOTAL-30222,PIVOTAL-30223,PIVOTAL-30224,PIVOTAL-30225,PIVOTAL-30226,PIVOTAL-30228,PIVOTAL-30229,PIVOTAL-30230,PIVOTAL-30231,PIVOTAL-30232,PIVOTAL-30233,PIVOTAL-30234,PIVOTAL-30236,PIVOTAL-30237,PIVOTAL-30721,PIVOTAL-30722"
preALP,2021-01-01,PIVOTAL-30260,Pivotal,Customer Defect,Release pending,2.0,"PIVOTAL-29235,PIVOTAL-30227"
preALP,2021-01-01,PIVOTAL-28739,Pivotal,Customer Defect,Release pending,21.0,"PIVOTAL-19662,PIVOTAL-29235,PIVOTAL-30219,PIVOTAL-30220,PIVOTAL-30221,PIVOTAL-30222,PIVOTAL-30223,PIVOTAL-30224,PIVOTAL-30225,PIVOTAL-30226,PIVOTAL-30228,PIVOTAL-30229,PIVOTAL-30230,PIVOTAL-30231,PIVOTAL-30232,PIVOTAL-30233,PIVOTAL-30234,PIVOTAL-30236,PIVOTAL-30237,PIVOTAL-30721,PIVOTAL-30722"
preALP,2021-01-01,PIVOTAL-28652,Pivotal,Defect,Release pending,20.0,"PIVOTAL-29235,PIVOTAL-30219,PIVOTAL-30220,PIVOTAL-30221,PIVOTAL-30222,PIVOTAL-30223,PIVOTAL-30224,PIVOTAL-30225,PIVOTAL-30226,PIVOTAL-30228,PIVOTAL-30229,PIVOTAL-30230,PIVOTAL-30231,PIVOTAL-30232,PIVOTAL-30233,PIVOTAL-30234,PIVOTAL-30236,PIVOTAL-30237,PIVOTAL-30721,PIVOTAL-30722"
preALP,2021-01-01,PIVOTAL-25522,Pivotal,Customer Defect,Release pending,27.0,"PIVOTAL-21789,PIVOTAL-21797,PIVOTAL-21831,PIVOTAL-21834,PIVOTAL-21838,PIVOTAL-21840,PIVOTAL-21841,PIVOTAL-29235,PIVOTAL-30219,PIVOTAL-30220,PIVOTAL-30221,PIVOTAL-30222,PIVOTAL-30223,PIVOTAL-30224,PIVOTAL-30225,PIVOTAL-30226,PIVOTAL-30228,PIVOTAL-30229,PIVOTAL-30230,PIVOTAL-30231,PIVOTAL-30232,PIVOTAL-30233,PIVOTAL-30234,PIVOTAL-30236,PIVOTAL-30237,PIVOTAL-30721,PIVOTAL-30722"
preALP,2021-01-01,PAUB-32242,"PA Cache, Web & Live",Defect,Release pending,0.0,
preALP,2021-01-01,OSCMENT-14787,OneSCM Enterprise,Defect,Release pending,6.0,"OSCMENT-10475,OSCMENT-10489,OSCMENT-117,OSCMENT-14140,OSCMENT-14141,OSCMENT-14142"
preALP,2021-01-01,OSCMENT-14700,OneSCM Enterprise,Customer Defect,Reviewed,13.0,"OSCMENT-10445,OSCMENT-10447,OSCMENT-10449,OSCMENT-10452,OSCMENT-10569,OSCMENT-25,OSCMENT-29,OSCMENT-30,OSCMENT-55,OSCMENT-5523,OSCMENT-5524,OSCMENT-5525,OSCMENT-7652"
preALP,2021-01-01,OSCMENT-14604,OneSCM Enterprise,Defect,Reviewed,12.0,"OSCMENT-10445,OSCMENT-10447,OSCMENT-10449,OSCMENT-10452,OSCMENT-25,OSCMENT-29,OSCMENT-30,OSCMENT-55,OSCMENT-5523,OSCMENT-5524,OSCMENT-5525,OSCMENT-7652"
preALP,2021-01-01,OSCMENT-13903,OneSCM Enterprise,Defect,In Code Review,,The issue has no Functional Area affected
preALP,2021-01-01,OSCMENT-13503,OneSCM Enterprise,Customer Defect,Release pending,1.0,OSCMENT-13732
preALP,2021-01-01,OSCMENT-12515,OneSCM Enterprise,Defect,Release pending,2.0,"OSCMENT-10509,OSCMENT-13396"
preALP,2021-01-01,OSCMENT-12513,OneSCM Enterprise,Defect,Release pending,2.0,"OSCMENT-10509,OSCMENT-13215"
preALP,2021-01-01,OSCMENT-12498,OneSCM Enterprise,Defect,In Code Review,,
preALP,2021-01-01,OSCMENT-12341,OneSCM Enterprise,Defect,Release pending,3.0,"OSCMENT-12064,OSCMENT-12070,OSCMENT-12228"
preALP,2021-01-01,OSCMENT-12226,OneSCM Enterprise,Defect,Release pending,11.0,"OSCMENT-16028,OSCMENT-5545,OSCMENT-5546,OSCMENT-5547,OSCMENT-57,OSCMENT-5964,OSCMENT-68,OSCMENT-69,OSCMENT-73,OSCMENT-74,OSCMENT-75"
preALP,2021-01-01,OSCMENT-9101,OneSCM Enterprise,Defect,Release pending,11.0,"OSCMENT-16028,OSCMENT-5545,OSCMENT-5546,OSCMENT-5547,OSCMENT-57,OSCMENT-5964,OSCMENT-68,OSCMENT-69,OSCMENT-73,OSCMENT-74,OSCMENT-75"
preALP,2021-01-01,OSCMENT-8784,OneSCM Enterprise,Defect,Release pending,7.0,"OSCMENT-6038,OSCMENT-6623,OSCMENT-6963,OSCMENT-7322,OSCMENT-7326,OSCMENT-7328,OSCMENT-9611"
preALP,2021-01-01,OSCMENT-8719,OneSCM Enterprise,Defect,Release pending,11.0,"OSCMENT-16028,OSCMENT-5545,OSCMENT-5546,OSCMENT-5547,OSCMENT-57,OSCMENT-5964,OSCMENT-68,OSCMENT-69,OSCMENT-73,OSCMENT-74,OSCMENT-75"
preALP,2021-01-01,OSCMENT-8708,OneSCM Enterprise,Defect,Release pending,11.0,"OSCMENT-16028,OSCMENT-5545,OSCMENT-5546,OSCMENT-5547,OSCMENT-57,OSCMENT-5964,OSCMENT-68,OSCMENT-69,OSCMENT-73,OSCMENT-74,OSCMENT-75"
preALP,2021-01-01,OSCMENT-8707,OneSCM Enterprise,Defect,Release pending,11.0,"OSCMENT-16028,OSCMENT-5545,OSCMENT-5546,OSCMENT-5547,OSCMENT-57,OSCMENT-5964,OSCMENT-68,OSCMENT-69,OSCMENT-73,OSCMENT-74,OSCMENT-75"
preALP,2021-01-01,OSCMENT-8706,OneSCM Enterprise,Defect,Release pending,11.0,"OSCMENT-16028,OSCMENT-5545,OSCMENT-5546,OSCMENT-5547,OSCMENT-57,OSCMENT-5964,OSCMENT-68,OSCMENT-69,OSCMENT-73,OSCMENT-74,OSCMENT-75"
preALP,2021-01-01,OSCMENT-8705,OneSCM Enterprise,Defect,Release pending,11.0,"OSCMENT-16028,OSCMENT-5545,OSCMENT-5546,OSCMENT-5547,OSCMENT-57,OSCMENT-5964,OSCMENT-68,OSCMENT-69,OSCMENT-73,OSCMENT-74,OSCMENT-75"
preALP,2021-01-01,OSCMENT-8703,OneSCM Enterprise,Defect,Release pending,11.0,"OSCMENT-16028,OSCMENT-5545,OSCMENT-5546,OSCMENT-5547,OSCMENT-57,OSCMENT-5964,OSCMENT-68,OSCMENT-69,OSCMENT-73,OSCMENT-74,OSCMENT-75"
preALP,2021-01-01,OSCMENT-8182,OneSCM Enterprise,Defect,In Code Review,0.0,
preALP,2021-01-01,OSCMENT-8103,OneSCM Enterprise,Defect,In Code Review,15.0,"OSCMENT-10441,OSCMENT-10447,OSCMENT-10452,OSCMENT-10577,OSCMENT-10828,OSCMENT-13215,OSCMENT-13396,OSCMENT-14116,OSCMENT-14117,OSCMENT-14118,OSCMENT-52,OSCMENT-54,OSCMENT-9724,OSCMENT-9726,OSCMENT-9728"
preALP,2021-01-01,OSCMENT-8100,OneSCM Enterprise,Defect,Release pending,11.0,"OSCMENT-16028,OSCMENT-5545,OSCMENT-5546,OSCMENT-5547,OSCMENT-57,OSCMENT-5964,OSCMENT-68,OSCMENT-69,OSCMENT-73,OSCMENT-74,OSCMENT-75"
preALP,2021-01-01,OSCMENT-7526,OneSCM Enterprise,Defect,Release pending,1.0,OSCMENT-12625
preALP,2021-01-01,OSCMENT-7450,OneSCM Enterprise,Defect,In Code Review,0.0,
preALP,2021-01-01,OSCMENT-6551,OneSCM Enterprise,Defect,Release pending,1.0,OSCMENT-15148
preALP,2021-01-01,OSCMENT-5999,OneSCM Enterprise,Defect,In Code Review,8.0,"OSCMENT-6038,OSCMENT-6623,OSCMENT-6963,OSCMENT-7322,OSCMENT-7326,OSCMENT-7328,OSCMENT-9587,OSCMENT-9611"
preALP,2021-01-01,OSCMENT-5997,OneSCM Enterprise,Defect,Release pending,10.0,"OSCMENT-5545,OSCMENT-5546,OSCMENT-5547,OSCMENT-57,OSCMENT-5964,OSCMENT-68,OSCMENT-69,OSCMENT-73,OSCMENT-74,OSCMENT-75"
preALP,2021-01-01,OSCMENT-5381,OneSCM Enterprise,Defect,Reviewed,1.0,OSCMENT-15901
preALP,2021-01-01,ONYX-13128,Onyx,Customer Defect,Release pending,1.0,ONYX-12404
preALP,2021-01-01,ONYX-12852,Onyx,Customer Defect,Release pending,0.0,
preALP,2021-01-01,ONYX-12844,Onyx,Customer Defect,Release pending,0.0,
preALP,2021-01-01,ONYX-12811,Onyx,Defect,Release pending,0.0,
preALP,2021-01-01,ONYX-11802,Onyx,Customer Defect,Release pending,0.0,
preALP,2021-01-01,ONYX-11787,Onyx,Customer Defect,Release pending,0.0,
preALP,2021-01-01,ONYX-11683,Onyx,Customer Defect,Release pending,0.0,
preALP,2021-01-01,ONYX-11604,Onyx,Customer Defect,Release pending,0.0,
preALP,2021-01-01,ONYX-11600,Onyx,Customer Defect,Release pending,0.0,
preALP,2021-01-01,ONYX-11272,Onyx,Customer Defect,Release pending,0.0,
preALP,2021-01-01,NORTHP-25911,Northplains-Telescope,Defect,Release pending,4.0,"NORTHP-15788,NORTHP-18644,NORTHP-21509,NORTHP-22075"
preALP,2021-01-01,NORTHP-25537,Northplains-Telescope,Defect,Release pending,9.0,"NORTHP-105,NORTHP-128,NORTHP-133,NORTHP-15788,NORTHP-16754,NORTHP-16890,NORTHP-16920,NORTHP-20859,NORTHP-80"
preALP,2021-01-01,NORTHP-25121,Northplains-Telescope,Defect,Release pending,3.0,"NORTHP-15788,NORTHP-25434,NORTHP-99"
preALP,2021-01-01,NORTHP-25005,Northplains-Telescope,Defect,Release pending,1.0,NORTHP-23917
preALP,2021-01-01,NORTHP-24945,Northplains-Telescope,Defect,Release pending,5.0,"NORTHP-15788,NORTHP-17819,NORTHP-19467,NORTHP-22103,NORTHP-99"
preALP,2021-01-01,NORTHP-23943,Northplains-Telescope,Defect,Release pending,11.0,"NORTHP-125,NORTHP-15787,NORTHP-15788,NORTHP-15851,NORTHP-17969,NORTHP-18875,NORTHP-194,NORTHP-20221,NORTHP-21487,NORTHP-25986,NORTHP-99"
preALP,2021-01-01,NORTHP-23834,Northplains-Telescope,Customer Defect,Release pending,2.0,"NORTHP-19405,NORTHP-25824"
preALP,2021-01-01,NORTHP-22481,Northplains-Telescope,Defect,Release pending,6.0,"NORTHP-15788,NORTHP-16890,NORTHP-16900,NORTHP-19467,NORTHP-20395,NORTHP-99"
preALP,2021-01-01,NORTHP-20688,Northplains-Telescope,Defect,Release pending,5.0,"NORTHP-15788,NORTHP-16429,NORTHP-16547,NORTHP-16728,NORTHP-19467"
preALP,2021-01-01,NORTHP-19632,Northplains-Telescope,Customer Defect,Release pending,6.0,"NORTHP-15788,NORTHP-16287,NORTHP-16917,NORTHP-16998,NORTHP-23706,NORTHP-23707"
preALP,2021-01-01,NORTHP-19456,Northplains-Telescope,Defect,Release pending,3.0,"NORTHP-15788,NORTHP-21477,NORTHP-21508"
preALP,2021-01-01,NORTHP-17676,Northplains-Telescope,Customer Defect,Release pending,3.0,"NORTHP-15788,NORTHP-25434,NORTHP-99"
preALP,2021-01-01,NORTHP-16872,Northplains-Telescope,Defect,Release pending,1.0,NORTHP-19405
preALP,2021-01-01,MOBINST-15293,Mobilogy - Instore,Customer Defect,Reviewed,1.0,MOBINST-15313
preALP,2021-01-01,MOBINST-15239,Mobilogy - Instore,Customer Defect,Release pending,0.0,
preALP,2021-01-01,MOBINST-12855,Mobilogy - Instore,Customer Defect,Release pending,0.0,
preALP,2021-01-01,MOAFCID-42684,M1.AlertFind,Customer Defect,In Code Review,,
preALP,2021-01-01,MOAFCID-40488,M1.AlertFind,Defect,Release pending,0.0,
preALP,2021-01-01,MANUSCRIPT-42723,MANUSCRIPT,Customer Defect,Release pending,1.0,MANUSCRIPT-68
preALP,2021-01-01,MANUSCRIPT-42411,MANUSCRIPT,Customer Defect,Release pending,0.0,
preALP,2021-01-01,MANUSCRIPT-41873,MANUSCRIPT,Defect,In Code Review,,
preALP,2021-01-01,MANUSCRIPT-41268,MANUSCRIPT,Customer Defect,Release pending,0.0,
preALP,2021-01-01,MANUSCRIPT-41254,MANUSCRIPT,Customer Defect,Release pending,0.0,
preALP,2021-01-01,MANUSCRIPT-40979,MANUSCRIPT,Defect,Release pending,0.0,
preALP,2021-01-01,MANUSCRIPT-40052,MANUSCRIPT,Defect,Release pending,0.0,
preALP,2021-01-01,MANUSCRIPT-35420,MANUSCRIPT,Customer Defect,Release pending,0.0,
preALP,2021-01-01,KNOV-4017,Knova,Customer Defect,In Code Review,,The issue has no Functional Area affected
preALP,2021-01-01,KAYAKOC-20735,Kayako Classic,Defect,Release pending,0.0,
preALP,2021-01-01,KAYAKOC-20420,Kayako Classic,Customer Defect,In Code Review,,
preALP,2021-01-01,KAYAKOC-19644,Kayako Classic,Customer Defect,Release pending,0.0,
preALP,2021-01-01,KAYAKOC-18658,Kayako Classic,Defect,Release pending,0.0,
preALP,2021-01-01,KAYAKOC-18472,Kayako Classic,Customer Defect,In Code Review,,The issue has no Functional Area affected
preALP,2021-01-01,KAYAKOC-16436,Kayako Classic,Defect,Release pending,2.0,"KAYAKOC-1004,KAYAKOC-15699"
preALP,2021-01-01,KAYAKOC-15448,Kayako Classic,Customer Defect,Release pending,0.0,
preALP,2021-01-01,KAYAKOC-14553,Kayako Classic,Customer Defect,Reviewed,13.0,"KAYAKOC-19120,KAYAKOC-193,KAYAKOC-194,KAYAKOC-203,KAYAKOC-212,KAYAKOC-214,KAYAKOC-220,KAYAKOC-226,KAYAKOC-227,KAYAKOC-7776,KAYAKOC-921,KAYAKOC-956,KAYAKOC-957"
preALP,2021-01-01,KAYAKOC-13909,Kayako Classic,Customer Defect,In Code Review,,The issue has no Functional Area affected
preALP,2021-01-01,KAYAKOC-13678,Kayako Classic,Defect,Reviewed,,The issue has no Functional Area affected
preALP,2021-01-01,KAYAKOC-11827,Kayako Classic,Customer Defect,Release pending,0.0,
preALP,2021-01-01,KAYAKOC-9377,Kayako Classic,Defect,Release pending,12.0,"KAYAKOC-193,KAYAKOC-194,KAYAKOC-203,KAYAKOC-212,KAYAKOC-214,KAYAKOC-220,KAYAKOC-226,KAYAKOC-227,KAYAKOC-7776,KAYAKOC-921,KAYAKOC-956,KAYAKOC-957"
preALP,2021-01-01,KAYAKOC-7883,Kayako Classic,Defect,Reviewed,,The issue has no Functional Area affected
preALP,2021-01-01,KAYAKO-29670,Kayako TNK,Customer Defect,Reviewed,1.0,KAYAKO-1355
preALP,2021-01-01,KAYAKO-29604,Kayako TNK,Customer Defect,In Code Review,,
preALP,2021-01-01,KAYAKO-29552,Kayako TNK,Customer Defect,Release pending,0.0,
preALP,2021-01-01,KAYAKO-29472,Kayako TNK,Customer Defect,In Code Review,,
preALP,2021-01-01,KAYAKO-29328,Kayako TNK,Customer Defect,Release pending,0.0,
preALP,2021-01-01,KAYAKO-29157,Kayako TNK,Customer Defect,Release pending,4.0,"KAYAKO-18560,KAYAKO-20536,KAYAKO-23526,KAYAKO-27388"
preALP,2021-01-01,KAYAKO-28839,Kayako TNK,Customer Defect,In Code Review,,
preALP,2021-01-01,KAYAKO-28830,Kayako TNK,Customer Defect,Release pending,0.0,
preALP,2021-01-01,KAYAKO-28704,Kayako TNK,Customer Defect,In Code Review,,
preALP,2021-01-01,KAYAKO-28571,Kayako TNK,Customer Defect,Release pending,0.0,
preALP,2021-01-01,KAYAKO-28190,Kayako TNK,Customer Defect,Release pending,1.0,KAYAKO-3812
preALP,2021-01-01,KAYAKO-28094,Kayako TNK,Customer Defect,Release pending,0.0,
preALP,2021-01-01,KAYAKO-28087,Kayako TNK,Customer Defect,Release pending,0.0,
preALP,2021-01-01,KAYAKO-27803,Kayako TNK,Customer Defect,Release pending,0.0,
preALP,2021-01-01,KAYAKO-27758,Kayako TNK,Defect,Release pending,0.0,
preALP,2021-01-01,KAYAKO-26520,Kayako TNK,Customer Defect,Release pending,0.0,
preALP,2021-01-01,KAYAKO-26313,Kayako TNK,Customer Defect,Release pending,0.0,
preALP,2021-01-01,KAYAKO-23521,Kayako TNK,Defect,Release pending,0.0,
preALP,2021-01-01,KAYAKO-23467,Kayako TNK,Defect,Reviewed,,The issue has no Functional Area affected
preALP,2021-01-01,KAYAKO-22263,Kayako TNK,Customer Defect,Release pending,0.0,
preALP,2021-01-01,KAYAKO-20168,Kayako TNK,Defect,Release pending,0.0,
preALP,2021-01-01,KAYAKO-19696,Kayako TNK,Defect,Release pending,0.0,
preALP,2021-01-01,KAYAKO-19693,Kayako TNK,Defect,Release pending,0.0,
preALP,2021-01-01,KAYAKO-19636,Kayako TNK,Defect,Release pending,0.0,
preALP,2021-01-01,KAYAKO-19635,Kayako TNK,Defect,Release pending,0.0,
preALP,2021-01-01,KAYAKO-19634,Kayako TNK,Defect,Release pending,0.0,
preALP,2021-01-01,KAYAKO-19152,Kayako TNK,Customer Defect,Release pending,1.0,KAYAKO-2581
preALP,2021-01-01,KAYAKO-18950,Kayako TNK,Customer Defect,Release pending,1.0,KAYAKO-20526
preALP,2021-01-01,KAYAKO-18018,Kayako TNK,Customer Defect,Release pending,0.0,
preALP,2021-01-01,KAYAKO-17788,Kayako TNK,Customer Defect,Release pending,0.0,
preALP,2021-01-01,KAYAKO-17713,Kayako TNK,Customer Defect,Release pending,1.0,KAYAKO-20526
preALP,2021-01-01,KAYAKO-17707,Kayako TNK,Defect,Release pending,0.0,
preALP,2021-01-01,KAYAKO-15322,Kayako TNK,Defect,Release pending,2.0,"KAYAKO-10174,KAYAKO-17687"
preALP,2021-01-01,KAYAKO-15285,Kayako TNK,Defect,Release pending,2.0,"KAYAKO-18406,KAYAKO-5049"
preALP,2021-01-01,KAYAKO-14832,Kayako TNK,Customer Defect,Release pending,1.0,KAYAKO-16411
preALP,2021-01-01,KAYAKO-14684,Kayako TNK,Customer Defect,Release pending,0.0,
preALP,2021-01-01,KAYAKO-14385,Kayako TNK,Defect,Release pending,1.0,KAYAKO-19272
preALP,2021-01-01,KAYAKO-8476,Kayako TNK,Defect,Release pending,0.0,
preALP,2021-01-01,KAYAKO-6483,Kayako TNK,Defect,Release pending,0.0,
preALP,2021-01-01,KAYAKO-4517,Kayako TNK,Defect,Reviewed,,The issue has no Functional Area affected
preALP,2021-01-01,JVSRCH-9857,Jive Search,Defect,Release pending,,"Blast radius can't be calculated because ticket(s) JCLDALL-16223, JCLDALL-16278, JCLDALL-25009, JCLDALL-25488, JCLDALL-320, JCLDALL-37607, JCLDALL-39015, JCLDALL-40057, JCLDALL-40327, JCLDALL-40621, JCLDALL-40775, JCLDALL-41753, JCLDALL-41757 is/are from different project than this issue. Solution: remove cross project dependency by duplicating FA / E2E to this issue project."
preALP,2021-01-01,JVHOPST-48018,Jive HOP Standard,Customer Defect,Reviewed,2.0,"JVHOPST-40677,JVHOPST-48150"
preALP,2021-01-01,JVHOPST-47948,Jive HOP Standard,Customer Defect,Reviewed,1.0,JVHOPST-48007
preALP,2021-01-01,JVHOPST-47692,Jive HOP Standard,Customer Defect,Reviewed,1.0,JVHOPST-47765
preALP,2021-01-01,JVHOPST-47669,Jive HOP Standard,Customer Defect,Reviewed,1.0,JVHOPST-47884
preALP,2021-01-01,JVHOPST-47498,Jive HOP Standard,Customer Defect,Reviewed,1.0,JVHOPST-40677
preALP,2021-01-01,JVHOPST-46453,Jive HOP Standard,Customer Defect,Reviewed,1.0,JVHOPST-48525
preALP,2021-01-01,JVHOPST-40653,Jive HOP Standard,Customer Defect,Reviewed,1.0,JVHOPST-46448
preALP,2021-01-01,JVHOPST-40532,Jive HOP Standard,Customer Defect,Reviewed,1.0,JVHOPST-47909
preALP,2021-01-01,JVHOPST-40372,Jive HOP Standard,Customer Defect,Reviewed,2.0,"JVHOPST-43274,JVHOPST-46969"
preALP,2021-01-01,JVHOPST-40291,Jive HOP Standard,Customer Defect,Reviewed,1.0,JVHOPST-47547
preALP,2021-01-01,JVHOPST-39327,Jive HOP Standard,Customer Defect,Release pending,2.0,"JVHOPST-17830,JVHOPST-41963"
preALP,2021-01-01,JVHOPST-36020,Jive HOP Standard,Customer Defect,Reviewed,1.0,JVHOPST-47379
preALP,2021-01-01,JVHOPST-35528,Jive HOP Standard,Customer Defect,Reviewed,1.0,JVHOPST-46632
preALP,2021-01-01,JVHOPST-34579,Jive HOP Standard,Customer Defect,Reviewed,1.0,JVHOPST-46969
preALP,2021-01-01,JVHOPST-22331,Jive HOP Standard,Defect,Reviewed,2.0,"JVHOPST-11854,JVHOPST-46680"
preALP,2021-01-01,JVHOPST-22220,Jive HOP Standard,Customer Defect,Reviewed,1.0,JVHOPST-47980
preALP,2021-01-01,JVHOPST-16311,Jive HOP Standard,Customer Defect,Reviewed,1.0,JVHOPST-47209
preALP,2021-01-01,JVHOPST-14069,Jive HOP Standard,Customer Defect,Reviewed,1.0,JVHOPST-48031
preALP,2021-01-01,JVHOPDH-3791,Jive Daily Hosted,Defect,Reviewed,28.0,"JVHOPDH-1014,JVHOPDH-3401,JVHOPDH-3418,JVHOPDH-472,JVHOPDH-4814,JVHOPDH-502,JVHOPDH-504,JVHOPDH-507,JVHOPDH-515,JVHOPDH-522,JVHOPDH-5397,JVHOPDH-5404,JVHOPDH-552,JVHOPDH-559,JVHOPDH-562,JVHOPDH-586,JVHOPDH-593,JVHOPDH-604,JVHOPDH-659,JVHOPDH-666,JVHOPDH-696,JVHOPDH-750,JVHOPDH-787,JVHOPDH-851,JVHOPDH-855,JVHOPDH-923,JVHOPDH-930,JVHOPDH-941"
preALP,2021-01-01,JVHOPDH-2470,Jive Daily Hosted,Defect,Release pending,0.0,
preALP,2021-01-01,JVFINTG-9640,Jive Integrations Framework,Customer Defect,Release pending,2.0,"JVFINTG-4570,JVFINTG-9816"
preALP,2021-01-01,JVFINTG-9371,Jive Integrations Framework,Customer Defect,Release pending,8.0,"JVFINTG-4472,JVFINTG-4480,JVFINTG-4482,JVFINTG-4484,JVFINTG-4486,JVFINTG-4570,JVFINTG-8039,JVFINTG-9615"
preALP,2021-01-01,JVFINTG-8456,Jive Integrations Framework,Defect,Release pending,0.0,
preALP,2021-01-01,JVFINTG-8373,Jive Integrations Framework,Customer Defect,Release pending,13.0,"JVFINTG-4432,JVFINTG-4434,JVFINTG-4435,JVFINTG-4437,JVFINTG-4446,JVFINTG-4447,JVFINTG-4448,JVFINTG-4449,JVFINTG-4450,JVFINTG-4454,JVFINTG-4510,JVFINTG-7482,JVFINTG-8628"
preALP,2021-01-01,JVFINTG-3771,Jive Integrations Framework,Defect,Release pending,3.0,"JVFINTG-3713,JVFINTG-5164,JVFINTG-8038"
preALP,2021-01-01,JVFINTG-3363,Jive Integrations Framework,Defect,Release pending,2.0,"JVFINTG-3410,JVFINTG-3448"
preALP,2021-01-01,JVCLD-106324,Jive Cloud,Defect,Release pending,0.0,
preALP,2021-01-01,JVCLD-106260,Jive Cloud,Customer Defect,Release pending,0.0,
preALP,2021-01-01,JVCLD-106026,Jive Cloud,Customer Defect,Release pending,5.0,"JVCLD-107790,JVCLD-41047,JVCLD-47510,JVCLD-62483,JVCLD-72329"
preALP,2021-01-01,JVCLD-105937,Jive Cloud,Customer Defect,Release pending,1.0,JVCLD-49048
preALP,2021-01-01,JVCLD-104609,Jive Cloud,Customer Defect,In Code Review,,
preALP,2021-01-01,JVCLD-104491,Jive Cloud,Customer Defect,Release pending,4.0,"JVCLD-40800,JVCLD-42912,JVCLD-43837,JVCLD-43841"
preALP,2021-01-01,JVCLD-103559,Jive Cloud,Customer Defect,Release pending,0.0,
preALP,2021-01-01,JVCLD-101852,Jive Cloud,Customer Defect,Release pending,0.0,
preALP,2021-01-01,JVCLD-101707,Jive Cloud,Customer Defect,Release pending,0.0,
preALP,2021-01-01,JVCLD-101062,Jive Cloud,Customer Defect,Release pending,4.0,"JVCLD-40800,JVCLD-42912,JVCLD-43837,JVCLD-43841"
preALP,2021-01-01,JVCLD-101047,Jive Cloud,Customer Defect,Release pending,0.0,
preALP,2021-01-01,JVCLD-97729,Jive Cloud,Customer Defect,Release pending,0.0,
preALP,2021-01-01,JVCLD-95893,Jive Cloud,Customer Defect,Release pending,0.0,
preALP,2021-01-01,JVCLD-92672,Jive Cloud,Customer Defect,Release pending,4.0,"JVCLD-40767,JVCLD-48959,JVCLD-62580,JVCLD-92837"
preALP,2021-01-01,JVCLD-92391,Jive Cloud,Defect,Release pending,1.0,JVCLD-49048
preALP,2021-01-01,JVCLD-92055,Jive Cloud,Customer Defect,In Code Review,,
preALP,2021-01-01,JVCLD-91725,Jive Cloud,Customer Defect,Release pending,0.0,
preALP,2021-01-01,JVCLD-91707,Jive Cloud,Customer Defect,Release pending,1.0,JVCLD-60649
preALP,2021-01-01,JVCLD-89127,Jive Cloud,Customer Defect,Release pending,4.0,"JVCLD-40800,JVCLD-42912,JVCLD-43837,JVCLD-43841"
preALP,2021-01-01,JVCLD-88892,Jive Cloud,Customer Defect,Release pending,0.0,
preALP,2021-01-01,JVCLD-86223,Jive Cloud,Customer Defect,Release pending,0.0,
preALP,2021-01-01,JVCLD-84719,Jive Cloud,Customer Defect,Release pending,1.0,JVCLD-60649
preALP,2021-01-01,JVCLD-84651,Jive Cloud,Customer Defect,Release pending,0.0,
preALP,2021-01-01,JVCLD-84608,Jive Cloud,Customer Defect,Release pending,0.0,
preALP,2021-01-01,JVCLD-81417,Jive Cloud,Customer Defect,Release pending,0.0,
preALP,2021-01-01,JVCLD-81413,Jive Cloud,Customer Defect,Release pending,0.0,
preALP,2021-01-01,JVCLD-81194,Jive Cloud,Customer Defect,Release pending,0.0,
preALP,2021-01-01,JVCLD-80895,Jive Cloud,Customer Defect,Release pending,4.0,"JVCLD-40800,JVCLD-42912,JVCLD-43837,JVCLD-43841"
preALP,2021-01-01,JVCLD-79888,Jive Cloud,Customer Defect,Release pending,0.0,
preALP,2021-01-01,JVCLD-75779,Jive Cloud,Customer Defect,Release pending,1.0,JVCLD-49048
preALP,2021-01-01,JVCLD-72899,Jive Cloud,Customer Defect,Release pending,0.0,
preALP,2021-01-01,JVCLD-72693,Jive Cloud,Customer Defect,Release pending,0.0,
preALP,2021-01-01,JVCLD-72624,Jive Cloud,Customer Defect,Release pending,4.0,"JVCLD-40800,JVCLD-42912,JVCLD-43837,JVCLD-43841"
preALP,2021-01-01,JVCLD-72620,Jive Cloud,Customer Defect,Release pending,0.0,
preALP,2021-01-01,JVCLD-65992,Jive Cloud,Customer Defect,Release pending,0.0,
preALP,2021-01-01,JVCLD-65758,Jive Cloud,Customer Defect,Release pending,0.0,
preALP,2021-01-01,JVCLD-62117,Jive Cloud,Customer Defect,Release pending,2.0,"JVCLD-40767,JVCLD-62580"
preALP,2021-01-01,JVCLD-61479,Jive Cloud,Customer Defect,Release pending,19.0,"JVCLD-49829,JVCLD-49837,JVCLD-49838,JVCLD-50122,JVCLD-50132,JVCLD-50133,JVCLD-50244,JVCLD-54510,JVCLD-54630,JVCLD-54632,JVCLD-54635,JVCLD-65745,JVCLD-65775,JVCLD-65782,JVCLD-65820,JVCLD-65833,JVCLD-65991,JVCLD-67064,JVCLD-93620"
preALP,2021-01-01,JVCLD-60728,Jive Cloud,Defect,In Code Review,,
preALP,2021-01-01,JVCLD-60384,Jive Cloud,Customer Defect,Reviewed,,The issue has no Functional Area affected
preALP,2021-01-01,JVCLD-60203,Jive Cloud,Customer Defect,Release pending,2.0,"JVCLD-40767,JVCLD-62580"
preALP,2021-01-01,JVCLD-60202,Jive Cloud,Customer Defect,Release pending,2.0,"JVCLD-40767,JVCLD-62580"
preALP,2021-01-01,JVCLD-60126,Jive Cloud,Customer Defect,Release pending,7.0,"JVCLD-49048,JVCLD-55614,JVCLD-62580,JVCLD-71453,JVCLD-88875,JVCLD-92516,JVCLD-93620"
preALP,2021-01-01,JVCLD-60011,Jive Cloud,Customer Defect,Release pending,4.0,"JVCLD-40800,JVCLD-42912,JVCLD-43837,JVCLD-43841"
preALP,2021-01-01,JVCLD-57955,Jive Cloud,Customer Defect,Release pending,1.0,JVCLD-49048
preALP,2021-01-01,JVCLD-56836,Jive Cloud,Customer Defect,Reviewed,,The issue has no Functional Area affected
preALP,2021-01-01,JVCLD-55598,Jive Cloud,Customer Defect,Release pending,0.0,
preALP,2021-01-01,JVCLD-49747,Jive Cloud,Customer Defect,Release pending,0.0,
preALP,2021-01-01,JVCLD-49559,Jive Cloud,Customer Defect,Release pending,0.0,
preALP,2021-01-01,JVCLD-46320,Jive Cloud,Customer Defect,Release pending,0.0,
preALP,2021-01-01,JVCLD-46197,Jive Cloud,Customer Defect,Release pending,3.0,"JVCLD-40767,JVCLD-49048,JVCLD-62580"
preALP,2021-01-01,JVCLD-46193,Jive Cloud,Customer Defect,Release pending,2.0,"JVCLD-40767,JVCLD-62580"
preALP,2021-01-01,JVCLD-45633,Jive Cloud,Customer Defect,Release pending,3.0,"JVCLD-45660,JVCLD-45808,JVCLD-89094"
preALP,2021-01-01,JVCLD-45409,Jive Cloud,Defect,Release pending,4.0,"JVCLD-40800,JVCLD-42912,JVCLD-43837,JVCLD-43841"
preALP,2021-01-01,JVCLD-45383,Jive Cloud,Customer Defect,Release pending,4.0,"JVCLD-40800,JVCLD-42912,JVCLD-43837,JVCLD-43841"
preALP,2021-01-01,JVCLD-45167,Jive Cloud,Customer Defect,In Code Review,36.0,"JVCLD-42786, JVCLD-42976, JVCLD-43855, JVCLD-45313, JVCLD-46232, JVCLD-46642, JVCLD-50109, JVCLD-54459, JVCLD-55084, JVCLD-55107, JVCLD-55132, JVCLD-55284, JVCLD-57620, JVCLD-57631, JVCLD-57982, JVCLD-58018, JVCLD-60172, JVCLD-60458, JVCLD-60469"
preALP,2021-01-01,JVCLD-44998,Jive Cloud,Customer Defect,Release pending,0.0,
preALP,2021-01-01,JVCLD-44710,Jive Cloud,Customer Defect,Release pending,1.0,JVCLD-49048
preALP,2021-01-01,JVCLD-44545,Jive Cloud,Defect,Release pending,0.0,
preALP,2021-01-01,JVCLD-42864,Jive Cloud,Customer Defect,Release pending,0.0,
preALP,2021-01-01,JVCLD-42791,Jive Cloud,Customer Defect,Release pending,0.0,
preALP,2021-01-01,JVCLD-42545,Jive Cloud,Defect,Release pending,5.0,"JVCLD-40800,JVCLD-42912,JVCLD-43837,JVCLD-43841,JVCLD-49048"
preALP,2021-01-01,JVCLD-42386,Jive Cloud,Customer Defect,Release pending,0.0,
preALP,2021-01-01,JVCLD-42309,Jive Cloud,Customer Defect,Release pending,0.0,
preALP,2021-01-01,JVCLD-41966,Jive Cloud,Customer Defect,Release pending,4.0,"JVCLD-40800,JVCLD-42912,JVCLD-43837,JVCLD-43841"
preALP,2021-01-01,JVCLD-41860,Jive Cloud,Defect,Release pending,4.0,"JVCLD-40800,JVCLD-42912,JVCLD-43837,JVCLD-43841"
preALP,2021-01-01,JVCLD-41818,Jive Cloud,Customer Defect,Release pending,4.0,"JVCLD-40800,JVCLD-42912,JVCLD-43837,JVCLD-43841"
preALP,2021-01-01,JVCLD-41779,Jive Cloud,Customer Defect,Release pending,0.0,
preALP,2021-01-01,JVCLD-41690,Jive Cloud,Customer Defect,Release pending,0.0,
preALP,2021-01-01,JVCLD-41249,Jive Cloud,Customer Defect,Release pending,4.0,"JVCLD-40800,JVCLD-42912,JVCLD-43837,JVCLD-43841"
preALP,2021-01-01,JVCLD-40504,Jive Cloud,Customer Defect,Release pending,4.0,"JVCLD-40800,JVCLD-42912,JVCLD-43837,JVCLD-43841"
preALP,2021-01-01,JVCLD-40357,Jive Cloud,Defect,Release pending,5.0,"JVCLD-40800,JVCLD-42912,JVCLD-43837,JVCLD-43841,JVCLD-62580"
preALP,2021-01-01,JVCLD-40054,Jive Cloud,Customer Defect,Release pending,0.0,
preALP,2021-01-01,JVCLD-38506,Jive Cloud,Customer Defect,In Code Review,,The issue has no Functional Area affected
preALP,2021-01-01,JVCLD-38502,Jive Cloud,Customer Defect,Release pending,11.0,"JVCLD-40800,JVCLD-42912,JVCLD-43837,JVCLD-43841,JVCLD-55614,JVCLD-60649,JVCLD-71453,JVCLD-88875,JVCLD-89094,JVCLD-92516,JVCLD-93620"
preALP,2021-01-01,JVCLD-38494,Jive Cloud,Customer Defect,Release pending,0.0,
preALP,2021-01-01,JVCLD-38407,Jive Cloud,Defect,Release pending,3.0,"JVCLD-107819,JVCLD-45071,JVCLD-45072"
preALP,2021-01-01,JVCLD-38375,Jive Cloud,Defect,Release pending,3.0,"JVCLD-107819,JVCLD-45071,JVCLD-45072"
preALP,2021-01-01,JVCLD-38363,Jive Cloud,Defect,Release pending,3.0,"JVCLD-107819,JVCLD-45071,JVCLD-45072"
preALP,2021-01-01,JVCLD-38282,Jive Cloud,Customer Defect,In Code Review,14.0,"JVCLD-41288, JVCLD-42976, JVCLD-45069, JVCLD-49046, JVCLD-54626, JVCLD-54856, JVCLD-54972, JVCLD-54985, JVCLD-55072, JVCLD-55284, JVCLD-55526, JVCLD-60032"
preALP,2021-01-01,JVCLD-38280,Jive Cloud,Customer Defect,Release pending,0.0,
preALP,2021-01-01,JVCLD-38278,Jive Cloud,Customer Defect,Release pending,3.0,"JVCLD-107819,JVCLD-42912,JVCLD-43859"
preALP,2021-01-01,JVCLD-38267,Jive Cloud,Customer Defect,Release pending,0.0,
preALP,2021-01-01,JVCLD-38252,Jive Cloud,Defect,Release pending,5.0,"JVCLD-108961,JVCLD-41288,JVCLD-45204,JVCLD-45205,JVCLD-49048"
preALP,2021-01-01,JVCLD-38249,Jive Cloud,Defect,Release pending,5.0,"JVCLD-40800,JVCLD-42912,JVCLD-43837,JVCLD-43841,JVCLD-49048"
preALP,2021-01-01,JVCLD-38184,Jive Cloud,Customer Defect,Release pending,0.0,
preALP,2021-01-01,JVCLD-38180,Jive Cloud,Customer Defect,Release pending,4.0,"JVCLD-40800,JVCLD-42912,JVCLD-43837,JVCLD-43841"
preALP,2021-01-01,JVCLD-37993,Jive Cloud,Customer Defect,Release pending,0.0,
preALP,2021-01-01,JVCLD-37623,Jive Cloud,Customer Defect,Release pending,1.0,JVCLD-49048
preALP,2021-01-01,JVCLD-37622,Jive Cloud,Customer Defect,Release pending,4.0,"JVCLD-40800,JVCLD-42912,JVCLD-43837,JVCLD-43841"
preALP,2021-01-01,JVCLD-37619,Jive Cloud,Customer Defect,Release pending,0.0,
preALP,2021-01-01,JVCLD-37612,Jive Cloud,Customer Defect,Release pending,0.0,
preALP,2021-01-01,JVCLD-37610,Jive Cloud,Customer Defect,In Code Review,,The issue has no Functional Area affected
preALP,2021-01-01,JVCLD-37609,Jive Cloud,Customer Defect,Release pending,0.0,
preALP,2021-01-01,JVCLD-37606,Jive Cloud,Customer Defect,Release pending,4.0,"JVCLD-40800,JVCLD-42912,JVCLD-43837,JVCLD-43841"
preALP,2021-01-01,JVCLD-37602,Jive Cloud,Customer Defect,Release pending,0.0,
preALP,2021-01-01,JVCLD-37595,Jive Cloud,Customer Defect,Release pending,1.0,JVCLD-49048
preALP,2021-01-01,JVCLD-37592,Jive Cloud,Customer Defect,Release pending,0.0,
preALP,2021-01-01,JVCLD-37591,Jive Cloud,Customer Defect,Reviewed,,The issue has no Functional Area affected
preALP,2021-01-01,JVCLD-37589,Jive Cloud,Customer Defect,Release pending,1.0,JVCLD-60649
preALP,2021-01-01,JVCLD-37586,Jive Cloud,Customer Defect,Release pending,0.0,
preALP,2021-01-01,JVCLD-37585,Jive Cloud,Customer Defect,Release pending,1.0,JVCLD-45808
preALP,2021-01-01,JVCLD-37568,Jive Cloud,Customer Defect,Release pending,1.0,JVCLD-49048
preALP,2021-01-01,JVCLD-37567,Jive Cloud,Customer Defect,Release pending,2.0,"JVCLD-42912,JVCLD-49048"
preALP,2021-01-01,JVCLD-37566,Jive Cloud,Customer Defect,Release pending,0.0,
preALP,2021-01-01,JVCLD-37561,Jive Cloud,Customer Defect,Release pending,11.0,"JVCLD-40800,JVCLD-42912,JVCLD-43837,JVCLD-43841,JVCLD-55614,JVCLD-60649,JVCLD-71453,JVCLD-88875,JVCLD-89094,JVCLD-92516,JVCLD-93620"
preALP,2021-01-01,JVCLD-37425,Jive Cloud,Defect,Reviewed,,"Blast radius can't be calculated because ticket(s) JCLDALL-1264, JCLDALL-1267, JCLDALL-1270, JCLDALL-1346, JCLDALL-1351, JCLDALL-1355, JCLDALL-1357, JCLDALL-1360, JCLDALL-1478, JCLDALL-16183, JCLDALL-16235, JCLDALL-16808, JCLDALL-19952, JCLDALL-25488, JCLDALL-25505, JCLDALL-25510, JCLDALL-25680, JCLDALL-320, JCLDALL-322, JCLDALL-34085, JCLDALL-34097, JCLDALL-38545, JCLDALL-38786, JCLDALL-38989, JCLDALL-40057, JCLDALL-40467, JCLDALL-42422, JCLDALL-42542 is/are from different project than this issue. Solution: remove cross project dependency by duplicating FA / E2E to this issue project."
preALP,2021-01-01,JVCLD-37423,Jive Cloud,Defect,Release pending,2.0,"JVCLD-107819,JVCLD-43859"
preALP,2021-01-01,JVCLD-37336,Jive Cloud,Customer Defect,Release pending,4.0,"JVCLD-40800,JVCLD-42912,JVCLD-43837,JVCLD-43841"
preALP,2021-01-01,JVCLD-37331,Jive Cloud,Customer Defect,Release pending,3.0,"JVCLD-107819,JVCLD-45071,JVCLD-45072"
preALP,2021-01-01,JVCLD-37321,Jive Cloud,Customer Defect,Release pending,4.0,"JVCLD-108917,JVCLD-41605,JVCLD-45660,JVCLD-45808"
preALP,2021-01-01,JVCLD-37318,Jive Cloud,Customer Defect,Release pending,4.0,"JVCLD-40800,JVCLD-42912,JVCLD-43837,JVCLD-43841"
preALP,2021-01-01,JVCLD-37317,Jive Cloud,Customer Defect,Release pending,5.0,"JVCLD-55614,JVCLD-71453,JVCLD-88875,JVCLD-92516,JVCLD-93620"
preALP,2021-01-01,JVCLD-37316,Jive Cloud,Customer Defect,Release pending,0.0,
preALP,2021-01-01,JVCLD-37311,Jive Cloud,Customer Defect,Release pending,0.0,
preALP,2021-01-01,JVCLD-37308,Jive Cloud,Customer Defect,Release pending,4.0,"JVCLD-40800,JVCLD-42912,JVCLD-43837,JVCLD-43841"
preALP,2021-01-01,JVCLD-37305,Jive Cloud,Customer Defect,Release pending,4.0,"JVCLD-42912,JVCLD-45619,JVCLD-55407,JVCLD-55421"
preALP,2021-01-01,JVCLD-37298,Jive Cloud,Customer Defect,Release pending,1.0,JVCLD-108965
preALP,2021-01-01,JVCLD-37296,Jive Cloud,Customer Defect,Release pending,1.0,JVCLD-60649
preALP,2021-01-01,JVCLD-37292,Jive Cloud,Customer Defect,Release pending,1.0,JVCLD-49048
preALP,2021-01-01,JVCLD-37291,Jive Cloud,Customer Defect,Release pending,0.0,
preALP,2021-01-01,JVCLD-37289,Jive Cloud,Customer Defect,Release pending,2.0,"JVCLD-40767,JVCLD-62580"
preALP,2021-01-01,JVCLD-37200,Jive Cloud,Customer Defect,Release pending,4.0,"JVCLD-40800,JVCLD-42912,JVCLD-43837,JVCLD-43841"
preALP,2021-01-01,JVCLD-37196,Jive Cloud,Customer Defect,Release pending,0.0,
preALP,2021-01-01,JVCLD-37195,Jive Cloud,Customer Defect,Release pending,4.0,"JVCLD-40800,JVCLD-42912,JVCLD-43837,JVCLD-43841"
preALP,2021-01-01,JVCLD-37185,Jive Cloud,Customer Defect,Release pending,0.0,
preALP,2021-01-01,JVCLD-37136,Jive Cloud,Defect,Release pending,2.0,"JVCLD-108967,JVCLD-42977"
preALP,2021-01-01,JVCLD-37135,Jive Cloud,Defect,Release pending,5.0,"JVCLD-40800,JVCLD-42912,JVCLD-43837,JVCLD-43841,JVCLD-49048"
preALP,2021-01-01,JVCLD-37125,Jive Cloud,Defect,Release pending,5.0,"JVCLD-108987,JVCLD-41288,JVCLD-45204,JVCLD-45205,JVCLD-49048"
preALP,2021-01-01,JVCLD-37124,Jive Cloud,Defect,Release pending,2.0,"JVCLD-108992,JVCLD-42977"
preALP,2021-01-01,JVCLD-37119,Jive Cloud,Defect,Release pending,2.0,"JVCLD-108990,JVCLD-42977"
preALP,2021-01-01,JVCLD-37114,Jive Cloud,Defect,Release pending,4.0,"JVCLD-41288,JVCLD-45204,JVCLD-45205,JVCLD-49048"
preALP,2021-01-01,JVCLD-36516,Jive Cloud,Customer Defect,Release pending,1.0,JVCLD-60649
preALP,2021-01-01,JVCLD-36512,Jive Cloud,Customer Defect,Release pending,2.0,"JVCLD-48959,JVCLD-49048"
preALP,2021-01-01,JVCLD-36509,Jive Cloud,Customer Defect,Release pending,5.0,"JVCLD-40800,JVCLD-42912,JVCLD-43837,JVCLD-43841,JVCLD-45619"
preALP,2021-01-01,JVCLD-36506,Jive Cloud,Customer Defect,Release pending,5.0,"JVCLD-40800,JVCLD-42912,JVCLD-43837,JVCLD-43841,JVCLD-45619"
preALP,2021-01-01,JVCLD-36502,Jive Cloud,Customer Defect,Release pending,11.0,"JVCLD-40800,JVCLD-42912,JVCLD-43837,JVCLD-43841,JVCLD-55614,JVCLD-60649,JVCLD-71453,JVCLD-88875,JVCLD-89094,JVCLD-92516,JVCLD-93620"
preALP,2021-01-01,JVCLD-36501,Jive Cloud,Customer Defect,Release pending,4.0,"JVCLD-42912,JVCLD-43837,JVCLD-43841,JVCLD-45619"
preALP,2021-01-01,JVCLD-36494,Jive Cloud,Customer Defect,Reviewed,,"Blast radius can't be calculated because ticket(s) JVANLT-5108, JVANLT-5839 is/are from different project than this issue. Solution: remove cross project dependency by duplicating FA / E2E to this issue project."
preALP,2021-01-01,JVCLD-36489,Jive Cloud,Customer Defect,Release pending,4.0,"JVCLD-42912,JVCLD-45619,JVCLD-55407,JVCLD-55421"
preALP,2021-01-01,JVCLD-36393,Jive Cloud,Defect,Release pending,4.0,"JVCLD-107819,JVCLD-43859,JVCLD-45071,JVCLD-45072"
preALP,2021-01-01,JVCLD-36390,Jive Cloud,Defect,Release pending,2.0,"JVCLD-43837,JVCLD-43841"
preALP,2021-01-01,JVCLD-36389,Jive Cloud,Customer Defect,Release pending,4.0,"JVCLD-40800,JVCLD-42912,JVCLD-43837,JVCLD-43841"
preALP,2021-01-01,JVCLD-36388,Jive Cloud,Defect,Release pending,4.0,"JVCLD-107819,JVCLD-43859,JVCLD-45071,JVCLD-45072"
preALP,2021-01-01,JVANLT-7390,Jive Analytics,Customer Defect,Release pending,1.0,JVANLT-7525
preALP,2021-01-01,JVANLT-7322,Jive Analytics,Customer Defect,Release pending,2.0,"JVANLT-5852,JVANLT-7388"
preALP,2021-01-01,JVANLT-5650,Jive Analytics,Defect,Release pending,1.0,JVANLT-6834
preALP,2021-01-01,JCM-9407, Jive Cloud Mobile,Defect,In Code Review,,
preALP,2021-01-01,JCM-9311, Jive Cloud Mobile,Customer Defect,Reviewed,2.0,"JCM-9544,JCM-9880"
preALP,2021-01-01,JCM-9289, Jive Cloud Mobile,Customer Defect,Reviewed,,The issue has no Functional Area affected
preALP,2021-01-01,JCM-9243, Jive Cloud Mobile,Customer Defect,Release pending,2.0,"JCM-9313,JCM-9544"
preALP,2021-01-01,JCM-9008, Jive Cloud Mobile,Customer Defect,Release pending,,"Blast radius can't be calculated because ticket(s) JVCLD-40854, JVCLD-89294, JVCLD-89308, JVCLD-89332, JVCLD-89333, JVCLD-89335 is/are from different project than this issue. Solution: remove cross project dependency by duplicating FA / E2E to this issue project."
preALP,2021-01-01,JCM-8843, Jive Cloud Mobile,Defect,Release pending,,"Blast radius can't be calculated because ticket(s) JCLDALL-16859, JCLDALL-16973, JCLDALL-25488, JCLDALL-320, JCLDALL-33162, JCLDALL-40057, JVCLD-40854, JVCLD-89289, JVCLD-89294, JVCLD-89308, JVCLD-89333, JVCLD-89335, JVCLD-89343 is/are from different project than this issue. Solution: remove cross project dependency by duplicating FA / E2E to this issue project."
preALP,2021-01-01,JCM-8673, Jive Cloud Mobile,Customer Defect,Release pending,,"Blast radius can't be calculated because ticket(s) JVCLD-89308, JVCLD-89338 is/are from different project than this issue. Solution: remove cross project dependency by duplicating FA / E2E to this issue project."
preALP,2021-01-01,JCM-8038, Jive Cloud Mobile,Customer Defect,Release pending,,"Blast radius can't be calculated because ticket(s) JVCLD-42976, JVCLD-46863, JVCLD-89303, JVCLD-89317, JVCLD-89322 is/are from different project than this issue. Solution: remove cross project dependency by duplicating FA / E2E to this issue project."
preALP,2021-01-01,JCM-7158, Jive Cloud Mobile,Defect,Release pending,,"Blast radius can't be calculated because ticket(s) JVCLD-42976, JVCLD-46863, JVCLD-89303, JVCLD-89317, JVCLD-89322 is/are from different project than this issue. Solution: remove cross project dependency by duplicating FA / E2E to this issue project."
preALP,2021-01-01,JCM-7129, Jive Cloud Mobile,Defect,Release pending,,"Blast radius can't be calculated because ticket(s) JVCLD-105140, JVCLD-45069, JVCLD-89288, JVCLD-89293, JVCLD-89319, JVCLD-89329 is/are from different project than this issue. Solution: remove cross project dependency by duplicating FA / E2E to this issue project."
preALP,2021-01-01,JCM-7096, Jive Cloud Mobile,Defect,Release pending,,"Blast radius can't be calculated because ticket(s) JVCLD-40854, JVCLD-89289, JVCLD-89308, JVCLD-89333, JVCLD-89335, JVCLD-89343 is/are from different project than this issue. Solution: remove cross project dependency by duplicating FA / E2E to this issue project."
preALP,2021-01-01,JCM-7075, Jive Cloud Mobile,Customer Defect,Release pending,,"Blast radius can't be calculated because ticket(s) JVCLD-40854, JVCLD-89294, JVCLD-89308, JVCLD-89332, JVCLD-89333, JVCLD-89335 is/are from different project than this issue. Solution: remove cross project dependency by duplicating FA / E2E to this issue project."
preALP,2021-01-01,JCM-6700, Jive Cloud Mobile,Defect,Release pending,,"Blast radius can't be calculated because ticket(s) JVCLD-89294, JVCLD-89308, JVCLD-89333, JVCLD-89335, JVCLD-89343 is/are from different project than this issue. Solution: remove cross project dependency by duplicating FA / E2E to this issue project."
preALP,2021-01-01,JCM-6266, Jive Cloud Mobile,Defect,Release pending,,"Blast radius can't be calculated because ticket(s) JVCLD-89296, JVCLD-89304, JVCLD-89308, JVCLD-89323, JVCLD-89333, JVCLD-89335, JVCLD-89337, JVCLD-89343 is/are from different project than this issue. Solution: remove cross project dependency by duplicating FA / E2E to this issue project."
preALP,2021-01-01,JCM-4229, Jive Cloud Mobile,Customer Defect,Release pending,,"Blast radius can't be calculated because ticket(s) JVCLD-105140, JVCLD-40854, JVCLD-45069, JVCLD-89284, JVCLD-89289, JVCLD-89308, JVCLD-89324, JVCLD-89333, JVCLD-89335, JVCLD-89340, JVCLD-89343 is/are from different project than this issue. Solution: remove cross project dependency by duplicating FA / E2E to this issue project."
preALP,2021-01-01,INFER-11885,INFER,Defect,Release pending,0.0,
preALP,2021-01-01,HAND-9758,Hand,Defect,Reviewed,9.0,"HAND-1763,HAND-2900,HAND-3583,HAND-489,HAND-577,HAND-604,HAND-651,HAND-653,HAND-657"
preALP,2021-01-01,HAND-9646,Hand,Defect,Release pending,7.0,"HAND-2900,HAND-3583,HAND-489,HAND-577,HAND-604,HAND-651,HAND-657"
preALP,2021-01-01,HAND-9612,Hand,Defect,Release pending,7.0,"HAND-2900,HAND-3583,HAND-489,HAND-577,HAND-604,HAND-651,HAND-657"
preALP,2021-01-01,GFIME-16946,GFI Mail Essentials,Customer Defect,Release pending,1.0,GFIME-17002
preALP,2021-01-01,GFIME-16371,GFI Mail Essentials,Customer Defect,Release pending,1.0,GFIME-6687
preALP,2021-01-01,GFIME-13750,GFI Mail Essentials,Defect,Release pending,4.0,"GFIME-10475,GFIME-13722,GFIME-5349,GFIME-6185"
preALP,2021-01-01,GFIL-14401,GFI LanGuard,Customer Defect,Release pending,1.0,GFIL-14465
preALP,2021-01-01,GFIL-14173,GFI LanGuard,Customer Defect,Release pending,1.0,GFIL-14454
preALP,2021-01-01,GFIA-18169,GFI Archiver,Customer Defect,In Code Review,,
preALP,2021-01-01,FOGBUGZ5K-4348,FogBugz 5k rewrite,Customer Defect,Release pending,2.0,"FOGBUGZ5K-1450,FOGBUGZ5K-4429"
preALP,2021-01-01,FOGBUGZ5K-4336,FogBugz 5k rewrite,Customer Defect,Release pending,1.0,FOGBUGZ5K-1450
preALP,2021-01-01,FOGBUGZ5K-4246,FogBugz 5k rewrite,Defect,Release pending,1.0,FOGBUGZ5K-4452
preALP,2021-01-01,FOGBUGZ5K-902,FogBugz 5k rewrite,Defect,In Code Review,,The issue has no Functional Area affected
preALP,2021-01-01,EYPP-14575,EY.Core -EngineYard Cloud Paas,Customer Defect,Release pending,0.0,
preALP,2021-01-01,EYPP-14000,EY.Core -EngineYard Cloud Paas,Defect,Release pending,0.0,
preALP,2021-01-01,EYPP-13999,EY.Core -EngineYard Cloud Paas,Defect,Release pending,0.0,
preALP,2021-01-01,EYPP-13994,EY.Core -EngineYard Cloud Paas,Defect,Release pending,1.0,EYPP-14210
preALP,2021-01-01,EYPP-13863,EY.Core -EngineYard Cloud Paas,Defect,Release pending,0.0,
preALP,2021-01-01,EYPP-13445,EY.Core -EngineYard Cloud Paas,Defect,Release pending,1.0,EYPP-14210
preALP,2021-01-01,EVCID-19234,Everest,Customer Defect,Release pending,2.0,"EVCID-18525,EVCID-18526"
preALP,2021-01-01,EVCID-15954,Everest,Defect,Release pending,2.0,"EVCID-12465,EVCID-9296"
preALP,2021-01-01,DVSP-24784,DevSpaces,Defect,Release pending,2.0,"DVSP-21020,DVSP-24909"
preALP,2021-01-01,DVSP-24176,DevSpaces,Defect,Release pending,5.0,"DVSP-21107,DVSP-21108,DVSP-21109,DVSP-21298,DVSP-21299"
preALP,2021-01-01,DVSP-23192,DevSpaces,Defect,Release pending,2.0,"DVSP-22163,DVSP-24495"
preALP,2021-01-01,DNN-45516,DNN Software,Defect,Release pending,2.0,"DNN-39979,DNN-44202"
preALP,2021-01-01,DNN-45138,DNN Software,Customer Defect,Release pending,0.0,
preALP,2021-01-01,DNN-45128,DNN Software,Defect,Release pending,7.0,"DNN-30526,DNN-30543,DNN-30545,DNN-30547,DNN-43354,DNN-43736,DNN-45031"
preALP,2021-01-01,DNN-45061,DNN Software,Defect,Release pending,2.0,"DNN-39979,DNN-44202"
preALP,2021-01-01,DNN-45055,DNN Software,Defect,Release pending,2.0,"DNN-39979,DNN-44202"
preALP,2021-01-01,DNN-44989,DNN Software,Customer Defect,In Code Review,,
preALP,2021-01-01,DNN-44729,DNN Software,Defect,Release pending,0.0,
preALP,2021-01-01,DNN-44606,DNN Software,Customer Defect,Release pending,1.0,DNN-29143
preALP,2021-01-01,DNN-44593,DNN Software,Defect,Reviewed,7.0,"DNN-30526,DNN-30543,DNN-30545,DNN-30547,DNN-43354,DNN-43736,DNN-45031"
preALP,2021-01-01,DNN-44591,DNN Software,Defect,Release pending,7.0,"DNN-30526,DNN-30543,DNN-30545,DNN-30547,DNN-43354,DNN-43736,DNN-45031"
preALP,2021-01-01,DNN-44301,DNN Software,Customer Defect,Release pending,2.0,"DNN-26009,DNN-31052"
preALP,2021-01-01,DNN-44299,DNN Software,Customer Defect,Release pending,0.0,
preALP,2021-01-01,DNN-44211,DNN Software,Customer Defect,Release pending,0.0,
preALP,2021-01-01,DNN-44143,DNN Software,Customer Defect,Release pending,0.0,
preALP,2021-01-01,DNN-44131,DNN Software,Customer Defect,Release pending,0.0,
preALP,2021-01-01,DNN-44083,DNN Software,Customer Defect,Release pending,5.0,"DNN-26577,DNN-27618,DNN-27908,DNN-27910,DNN-45285"
preALP,2021-01-01,DNN-44002,DNN Software,Customer Defect,Release pending,0.0,
preALP,2021-01-01,DNN-43992,DNN Software,Customer Defect,Release pending,3.0,"DNN-26558,DNN-27873,DNN-30487"
preALP,2021-01-01,DNN-43971,DNN Software,Customer Defect,Release pending,5.0,"DNN-26577,DNN-27618,DNN-27908,DNN-27910,DNN-45285"
preALP,2021-01-01,DNN-43813,DNN Software,Customer Defect,Release pending,0.0,
preALP,2021-01-01,DNN-43710,DNN Software,Customer Defect,Release pending,2.0,"DNN-26758,DNN-35953"
preALP,2021-01-01,DNN-43428,DNN Software,Customer Defect,Release pending,0.0,
preALP,2021-01-01,DNN-43277,DNN Software,Customer Defect,Reviewed,12.0,"DNN-26558,DNN-26577,DNN-27618,DNN-27908,DNN-27910,DNN-29144,DNN-29145,DNN-29147,DNN-30487,DNN-32196,DNN-42131,DNN-45285"
preALP,2021-01-01,DNN-43190,DNN Software,Defect,Release pending,1.0,DNN-30487
preALP,2021-01-01,DNN-42996,DNN Software,Customer Defect,Release pending,3.0,"DNN-27873,DNN-27880,DNN-27881"
preALP,2021-01-01,DNN-42975,DNN Software,Customer Defect,Release pending,1.0,DNN-32196
preALP,2021-01-01,DNN-42754,DNN Software,Customer Defect,Release pending,0.0,
preALP,2021-01-01,DNN-42191,DNN Software,Defect,Release pending,5.0,"DNN-26577,DNN-27618,DNN-27908,DNN-27910,DNN-45285"
preALP,2021-01-01,DNN-42147,DNN Software,Customer Defect,In Code Review,,The issue has no Functional Area affected
preALP,2021-01-01,DNN-42078,DNN Software,Defect,Release pending,5.0,"DNN-22346,DNN-26758,DNN-29151,DNN-31052,DNN-35953"
preALP,2021-01-01,DNN-41937,DNN Software,Customer Defect,Reviewed,6.0,"DNN-26577,DNN-27618,DNN-27908,DNN-27910,DNN-43290,DNN-45285"
preALP,2021-01-01,DNN-41632,DNN Software,Customer Defect,Release pending,5.0,"DNN-26577,DNN-27618,DNN-27908,DNN-27910,DNN-45285"
preALP,2021-01-01,DNN-41203,DNN Software,Defect,Release pending,3.0,"DNN-25767,DNN-29151,DNN-39391"
preALP,2021-01-01,DNN-41046,DNN Software,Defect,Release pending,7.0,"DNN-22346,DNN-25767,DNN-26758,DNN-29151,DNN-31052,DNN-35953,DNN-39391"
preALP,2021-01-01,DNN-40970,DNN Software,Defect,Release pending,1.0,DNN-32196
preALP,2021-01-01,DNN-40834,DNN Software,Defect,Release pending,5.0,"DNN-26577,DNN-27618,DNN-27908,DNN-27910,DNN-45285"
preALP,2021-01-01,DNN-40577,DNN Software,Customer Defect,Release pending,0.0,
preALP,2021-01-01,DNN-40053,DNN Software,Defect,Release pending,0.0,
preALP,2021-01-01,DNN-39956,DNN Software,Customer Defect,Reviewed,6.0,"DNN-26577,DNN-27618,DNN-27908,DNN-27910,DNN-43290,DNN-45285"
preALP,2021-01-01,DNN-39805,DNN Software,Customer Defect,Release pending,5.0,"DNN-26577,DNN-27618,DNN-27908,DNN-27910,DNN-45285"
preALP,2021-01-01,DNN-39631,DNN Software,Customer Defect,Release pending,1.0,DNN-29143
preALP,2021-01-01,DNN-37790,DNN Software,Defect,Release pending,0.0,
preALP,2021-01-01,DNN-36092,DNN Software,Defect,Reviewed,8.0,"DNN-26558,DNN-26577,DNN-29144,DNN-29145,DNN-29147,DNN-30487,DNN-32196,DNN-42131"
preALP,2021-01-01,DNN-35362,DNN Software,Defect,Release pending,8.0,"DNN-26558,DNN-26577,DNN-29144,DNN-29145,DNN-29147,DNN-30487,DNN-32196,DNN-42131"
preALP,2021-01-01,DNN-33961,DNN Software,Customer Defect,Reviewed,4.0,"DNN-26558,DNN-27873,DNN-30487,DNN-34628"
preALP,2021-01-01,DNN-33943,DNN Software,Defect,Release pending,0.0,
preALP,2021-01-01,DNN-33895,DNN Software,Defect,Release pending,1.0,DNN-38222
preALP,2021-01-01,DNN-33330,DNN Software,Defect,Release pending,0.0,
preALP,2021-01-01,DNN-33314,DNN Software,Defect,Release pending,0.0,
preALP,2021-01-01,DNN-32562,DNN Software,Defect,Release pending,2.0,"DNN-27884,DNN-27891"
preALP,2021-01-01,DNN-31901,DNN Software,Defect,In Code Review,4.0,"DNN-27917, DNN-27920, DNN-27922, DNN-29133"
preALP,2021-01-01,DNN-31843,DNN Software,Defect,Release pending,0.0,
preALP,2021-01-01,DNN-31788,DNN Software,Defect,Release pending,3.0,"DNN-25185,DNN-26758,DNN-35953"
preALP,2021-01-01,DNN-31642,DNN Software,Defect,Release pending,5.0,"DNN-26577,DNN-27618,DNN-27908,DNN-27910,DNN-45285"
preALP,2021-01-01,DNN-31641,DNN Software,Defect,Release pending,5.0,"DNN-26577,DNN-27618,DNN-27908,DNN-27910,DNN-45285"
preALP,2021-01-01,DNN-31472,DNN Software,Customer Defect,Release pending,1.0,DNN-38222
preALP,2021-01-01,DNN-30859,DNN Software,Customer Defect,Reviewed,,The issue has no Functional Area affected
preALP,2021-01-01,DNN-30103,DNN Software,Defect,Release pending,0.0,
preALP,2021-01-01,DNN-29479,DNN Software,Defect,Release pending,0.0,
preALP,2021-01-01,DNN-29303,DNN Software,Defect,Reviewed,1.0,DNN-34066
preALP,2021-01-01,DNN-28527,DNN Software,Defect,Reviewed,1.0,DNN-42624
preALP,2021-01-01,DNN-28505,DNN Software,Defect,In Code Review,,The issue has no Functional Area affected
preALP,2021-01-01,DNN-27150,DNN Software,Defect,Reviewed,1.0,DNN-42190
preALP,2021-01-01,DNN-26942,DNN Software,Defect,Release pending,0.0,
preALP,2021-01-01,DNN-23652,DNN Software,Defect,In Code Review,,The issue has no Functional Area affected
preALP,2021-01-01,DNN-18348,DNN Software,Defect,Reviewed,5.0,"DNN-26577,DNN-27618,DNN-27908,DNN-27910,DNN-45285"
preALP,2021-01-01,DNN-18331,DNN Software,Defect,In Code Review,,The issue has no Functional Area affected
preALP,2021-01-01,DNN-17451,DNN Software,Defect,Release pending,1.0,DNN-32196
preALP,2021-01-01,DEV-48974,Lyris HQ,Customer Defect,Release pending,1.0,DEV-49100
preALP,2021-01-01,DEV-48760,Lyris HQ,Customer Defect,Release pending,8.0,"DEV-41610,DEV-41863,DEV-41873,DEV-41875,DEV-41877,DEV-41939,DEV-42018,DEV-42022"
preALP,2021-01-01,DEV-47291,Lyris HQ,Customer Defect,Release pending,1.0,DEV-46656
preALP,2021-01-01,DEV-45716,Lyris HQ,Defect,In Code Review,,The issue has no Functional Area affected
preALP,2021-01-01,DEV-45674,Lyris HQ,Customer Defect,Release pending,5.0,"DEV-42440,DEV-42442,DEV-42444,DEV-42446,DEV-49083"
preALP,2021-01-01,DEV-43709,Lyris HQ,Customer Defect,Release pending,16.0,"DEV-43278,DEV-43304,DEV-43307,DEV-43313,DEV-43324,DEV-43341,DEV-43362,DEV-43384,DEV-43385,DEV-43404,DEV-43412,DEV-43429,DEV-43442,DEV-43450,DEV-43451,DEV-48810"
preALP,2021-01-01,DEV-25399,Lyris HQ,Customer Defect,Release pending,1.0,DEV-49015
preALP,2021-01-01,CRM-81512,CRM,Customer Defect,Release pending,0.0,
preALP,2021-01-01,CRM-81397,CRM,Customer Defect,Release pending,2.0,"CRM-63836,CRM-81520"
preALP,2021-01-01,CRM-80653,CRM,Customer Defect,Release pending,0.0,
preALP,2021-01-01,CRM-80385,CRM,Customer Defect,Release pending,1.0,CRM-80485
preALP,2021-01-01,CRM-79898,CRM,Customer Defect,In Code Review,,
preALP,2021-01-01,CRM-79551,CRM,Customer Defect,Release pending,0.0,
preALP,2021-01-01,CRM-79311,CRM,Customer Defect,In Code Review,,
preALP,2021-01-01,CRM-79149,CRM,Customer Defect,In Code Review,,
preALP,2021-01-01,CRM-78712,CRM,Customer Defect,In Code Review,,
preALP,2021-01-01,CRM-78401,CRM,Customer Defect,Release pending,5.0,"CRM-75344,CRM-78054,CRM-78679,CRM-80695,CRM-80696"
preALP,2021-01-01,CRM-77370,CRM,Customer Defect,In Code Review,,The issue has no Functional Area affected
preALP,2021-01-01,CRM-77322,CRM,Defect,In Code Review,1.0,CRM-78248
preALP,2021-01-01,CRM-74999,CRM,Customer Defect,Release pending,2.0,"CRM-63950,CRM-80424"
preALP,2021-01-01,CRM-73334,CRM,Customer Defect,Release pending,1.0,CRM-79928
preALP,2021-01-01,CRM-71545,CRM,Customer Defect,Release pending,2.0,"CRM-63899,CRM-77634"
preALP,2021-01-01,CRM-71128,CRM,Customer Defect,Release pending,3.0,"CRM-74959,CRM-75344,CRM-77722"
preALP,2021-01-01,CRM-67922,CRM,Customer Defect,Release pending,1.0,CRM-78400
preALP,2021-01-01,CRM-67801,CRM,Customer Defect,Release pending,1.0,CRM-78175
preALP,2021-01-01,CR-1164,Code Ramp,Defect,Release pending,0.0,
preALP,2021-01-01,CPQCID-11288,Ignite CPQ,Customer Defect,Release pending,1.0,CPQCID-11313
preALP,2021-01-01,CPQCID-11093,Ignite CPQ,Customer Defect,Release pending,0.0,
preALP,2021-01-01,COTRAC-15076,CoreTrac,Customer Defect,Release pending,0.0,
preALP,2021-01-01,CONTROL-36530,Kerio Control,Defect,Release pending,0.0,
preALP,2021-01-01,CONTROL-36439,Kerio Control,Defect,Release pending,0.0,
preALP,2021-01-01,CONTROL-36313,Kerio Control,Customer Defect,Release pending,0.0,
preALP,2021-01-01,CONTROL-36150,Kerio Control,Customer Defect,Release pending,6.0,"CONTROL-30192,CONTROL-30194,CONTROL-30198,CONTROL-30200,CONTROL-30757,CONTROL-31314"
preALP,2021-01-01,CONTROL-35181,Kerio Control,Customer Defect,Release pending,2.0,"CONTROL-27145,CONTROL-32486"
preALP,2021-01-01,CONTROL-33608,Kerio Control,Customer Defect,Release pending,2.0,"CONTROL-23886,CONTROL-30302"
preALP,2021-01-01,CONTROL-32788,Kerio Control,Customer Defect,Release pending,2.0,"CONTROL-23886,CONTROL-30302"
preALP,2021-01-01,CONTROL-31690,Kerio Control,Customer Defect,Release pending,2.0,"CONTROL-23886,CONTROL-30302"
preALP,2021-01-01,CONNECT-81965,Kerio Connect,Customer Defect,Release pending,0.0,
preALP,2021-01-01,CODEFIX-6500,CodeFix,Defect,Reviewed,1.0,CODEFIX-6511
preALP,2021-01-01,BOINT-18664,Bonzai Intranet,Defect,Release pending,0.0,
preALP,2021-01-01,BOINT-18452,Bonzai Intranet,Customer Defect,Release pending,0.0,
preALP,2021-01-01,BIZAPPS-26083,BiznessApps,Customer Defect,Release pending,0.0,
preALP,2021-01-01,BIZAPPS-21630,BiznessApps,Customer Defect,Reviewed,,The issue has no Functional Area affected
preALP,2021-01-01,BEC-13307,Beckon,Customer Defect,Release pending,0.0,
preALP,2021-01-01,BEC-12814,Beckon,Customer Defect,Release pending,1.0,BEC-224
preALP,2021-01-01,BEC-11688,Beckon,Customer Defect,Release pending,1.0,BEC-224
preALP,2021-01-01,BEC-11660,Beckon,Customer Defect,Release pending,1.0,BEC-224
preALP,2021-01-01,BEC-11658,Beckon,Customer Defect,Release pending,1.0,BEC-224
preALP,2021-01-01,BEC-11616,Beckon,Customer Defect,Reviewed,,The issue has no Functional Area affected
preALP,2021-01-01,BEC-10087,Beckon,Defect,Release pending,0.0,
preALP,2021-01-01,BEC-10036,Beckon,Defect,Release pending,1.0,BEC-224
preALP,2021-01-01,BEC-9196,Beckon,Defect,Release pending,0.0,
preALP,2021-01-01,BEC-7849,Beckon,Defect,Release pending,0.0,
preALP,2021-01-01,BEC-7796,Beckon,Defect,Release pending,1.0,BEC-1535
preALP,2021-01-01,BEC-7784,Beckon,Defect,Release pending,0.0,
preALP,2021-01-01,BEC-7773,Beckon,Defect,Release pending,0.0,
preALP,2021-01-01,BEC-7494,Beckon,Customer Defect,Release pending,0.0,
preALP,2021-01-01,BEC-1214,Beckon,Defect,Release pending,2.0,"BEC-10310,BEC-12579"
preALP,2021-01-01,AWORK-61818,XO.HireManage,Defect,Release pending,0.0,
preALP,2021-01-01,AWORK-61445,XO.HireManage,Defect,Release pending,5.0,"AWORK-52850,AWORK-55681,AWORK-55755,AWORK-56158,AWORK-56368"
preALP,2021-01-01,AWORK-61394,XO.HireManage,Customer Defect,Release pending,1.0,AWORK-60205
preALP,2021-01-01,AWORK-61158,XO.HireManage,Customer Defect,Release pending,1.0,AWORK-47442
preALP,2021-01-01,AWORK-60264,XO.HireManage,Defect,Release pending,0.0,
preALP,2021-01-01,AGEMSAT-6136,Agemni SAT,Customer Defect,Release pending,0.0,
preALP,2021-01-01,AGEMSAT-6088,Agemni SAT,Customer Defect,Release pending,0.0,
preALP,2021-01-01,AGEMSAT-5535,Agemni SAT,Customer Defect,Release pending,0.0,
preALP,2021-01-01,AGEMSAT-5326,Agemni SAT,Defect,Release pending,1.0,AGEMSAT-3171
preALP,2021-01-01,AGEMSAT-5263,Agemni SAT,Defect,Release pending,0.0,
preALP,2021-01-01,AGEMSAT-5204,Agemni SAT,Defect,Release pending,1.0,AGEMSAT-6352
preALP,2021-01-01,AGEMSAT-5200,Agemni SAT,Defect,Release pending,0.0,
preALP,2021-01-01,AGEMSAT-5198,Agemni SAT,Defect,Reviewed,1.0,AGEMSAT-5633
preALP,2021-01-01,AGEMSAT-5196,Agemni SAT,Defect,Release pending,1.0,AGEMSAT-3171
preALP,2021-01-01,AGEMSAT-5194,Agemni SAT,Defect,Release pending,1.0,AGEMSAT-3171
preALP,2021-01-01,AGEMSAT-4143,Agemni SAT,Customer Defect,Release pending,0.0,
preALP,2021-01-01,AGEMSAT-3721,Agemni SAT,Customer Defect,Release pending,0.0,
preALP,2021-01-01,AGEMSAT-2201,Agemni SAT,Defect,Release pending,0.0,
preALP,2021-01-01,AGEMSAT-2195,Agemni SAT,Defect,Release pending,4.0,"AGEMSAT-3236,AGEMSAT-3237,AGEMSAT-3238,AGEMSAT-3239"
preALP,2021-01-01,AGEMSAT-2068,Agemni SAT,Defect,Release pending,3.0,"AGEMSAT-3253,AGEMSAT-3254,AGEMSAT-3255"
preALP,2021-01-01,AGEMSAT-2021,Agemni SAT,Defect,Release pending,0.0,
preALP,2021-01-01,AGEMSAT-1916,Agemni SAT,Defect,Release pending,7.0,"AGEMSAT-1624,AGEMSAT-3201,AGEMSAT-3202,AGEMSAT-3203,AGEMSAT-3204,AGEMSAT-3205,AGEMSAT-3484"
preALP,2021-01-01,AGEMSAT-1870,Agemni SAT,Defect,Release pending,7.0,"AGEMSAT-3201,AGEMSAT-3202,AGEMSAT-3203,AGEMSAT-3204,AGEMSAT-3205,AGEMSAT-3484,AGEMSAT-5512"
preALP,2021-01-01,AGEMSAT-1829,Agemni SAT,Defect,Release pending,4.0,"AGEMSAT-1831,AGEMSAT-3131,AGEMSAT-3132,AGEMSAT-3135"
preALP,2021-01-01,AGEMSAT-1521,Agemni SAT,Customer Defect,Release pending,4.0,"AGEMSAT-3236,AGEMSAT-3237,AGEMSAT-3238,AGEMSAT-3239"
preALP,2021-01-01,AGEMSAT-913,Agemni SAT,Customer Defect,Release pending,3.0,"AGEMSAT-3191,AGEMSAT-3194,AGEMSAT-3195"
preALP,2021-01-01,AGEMSAT-835,Agemni SAT,Defect,Release pending,2.0,"AGEMSAT-3247,AGEMSAT-3248"
preALP,2021-01-01,AGEMSAT-743,Agemni SAT,Defect,Release pending,3.0,"AGEMSAT-3191,AGEMSAT-3194,AGEMSAT-3195"
preALP,2021-01-01,AGEMSAT-705,Agemni SAT,Defect,Release pending,0.0,
preALP,2021-01-01,AGEMSAT-681,Agemni SAT,Defect,Release pending,0.0,
preALP,2021-01-01,AGEMSAT-677,Agemni SAT,Defect,Release pending,0.0,
preALP,2021-01-01,AGEMCMS-7691,Agemni CMS,Customer Defect,In Code Review,,
preALP,2021-01-01,AGEMCMS-7521,Agemni CMS,Customer Defect,Release pending,0.0,
preALP,2021-01-01,AGEMCMS-7246,Agemni CMS,Customer Defect,Release pending,0.0,
preALP,2021-01-01,AGEMCMS-5028,Agemni CMS,Defect,In Code Review,,
preALP,2021-01-01,AGEMCMS-4920,Agemni CMS,Customer Defect,Release pending,1.0,AGEMCMS-3201
preALP,2021-01-01,AGEMCMS-3799,Agemni CMS,Customer Defect,In Code Review,,The issue has no Functional Area affected
preALP,2021-01-01,AESEDI-54086,AES EDI,Defect,Release pending,0.0,
preALP,2021-01-01,AESEDI-54020,AES EDI,Defect,In Code Review,,
preALP,2021-01-01,AESCIS-46947,AES CIS,Customer Defect,Release pending,0.0,
preALP,2021-01-01,AESCIS-46939,AES CIS,Customer Defect,Release pending,0.0,
preALP,2021-01-01,AESCIS-46861,AES CIS,Customer Defect,Release pending,0.0,
preALP,2021-01-01,AESCIS-46745,AES CIS,Customer Defect,Release pending,1.0,AESCIS-46936
preALP,2021-01-01,AESCIS-45453,AES CIS,Customer Defect,Release pending,0.0,
preALP,2021-01-01,ACTA-60330,Aurea Monitor,Customer Defect,In Code Review,,
preALP,2021-01-01,ACTA-60257,Aurea Monitor,Customer Defect,Release pending,0.0,
preALP,2021-01-01,ACID-36952,Acorn PA5G,Defect,Release pending,0.0,
preALP,2021-01-01,ACID-36351,Acorn PA5G,Defect,Release pending,1.0,ACID-21755
preALP,2021-01-01,ACID-36048,Acorn PA5G,Defect,Release pending,1.0,ACID-21755
preALP,2021-01-01,ACID-34532,Acorn PA5G,Customer Defect,Release pending,5.0,"ACID-19654,ACID-22666,ACID-22667,ACID-23014,ACID-37203"
preALP,2021-01-01,ACID-23727,Acorn PA5G,Customer Defect,Release pending,5.0,"ACID-23543,ACID-23545,ACID-23546,ACID-23551,ACID-24092"
